school,sex,age,address,famsize,Pstatus,Medu,Fedu,Mjob,Fjob,reason,guardian,traveltime,studytime,failures,schoolsup,famsup,paid,activities,nursery,higher,internet,romantic,famrel,freetime,goout,Dalc,Walc,health,absences,G1,G2,G3,failure,schedule_density,schedule_density_scaled,back_to_back_score,back_to_back_score_scaled,deadline_density,deadline_density_scaled,temporal_rigidity,temporal_rigidity_scaled,friction_index,risk_band
GP,F,18,U,GT3,A,4,4,at_home,teacher,course,mother,2,2,0,yes,no,no,no,yes,yes,no,no,4,3,4,1,1,3,6,5,6,6,1,4.6,0.27368421052631575,0.0,0.0,1.0,0.0,3.0,0.5,0.19342105263157894,🟡 Warning
GP,F,17,U,GT3,T,1,1,at_home,other,course,father,1,2,0,no,yes,no,no,no,yes,yes,no,5,3,3,1,1,3,4,5,5,6,1,4.4,0.25263157894736843,0.0,0.0,1.0,0.0,2.0,0.25,0.1256578947368421,🟢 Survivable
GP,F,15,U,LE3,T,1,1,at_home,other,other,mother,1,2,3,yes,no,yes,no,yes,yes,yes,no,4,3,2,2,3,3,10,7,8,10,0,5.0,0.3157894736842105,0.0,0.0,2.5,0.3,3.0,0.5,0.2789473684210526,🔴 Unsafe
GP,F,15,U,GT3,T,4,2,health,services,home,mother,1,3,0,no,yes,yes,yes,yes,yes,yes,yes,3,2,2,1,1,5,2,15,14,15,0,6.2,0.4421052631578948,0.0,0.0,2.0,0.2,3.0,0.5,0.2855263157894737,🔴 Unsafe
GP,F,16,U,GT3,T,3,3,other,other,home,father,1,2,0,no,yes,yes,no,yes,yes,no,no,4,3,2,1,2,5,4,6,10,10,0,4.4,0.25263157894736843,0.0,0.0,1.5,0.10000000000000003,2.0,0.25,0.1506578947368421,🟡 Warning
GP,M,16,U,LE3,T,4,3,services,other,reputation,mother,1,2,0,no,yes,yes,yes,yes,yes,yes,no,5,4,2,1,2,5,10,15,15,15,0,5.0,0.3157894736842105,0.0,0.0,1.5,0.10000000000000003,3.0,0.5,0.22894736842105262,🟡 Warning
GP,M,16,U,LE3,T,2,2,other,other,home,mother,1,2,0,no,no,no,no,yes,yes,yes,no,4,4,4,1,1,3,0,12,12,11,0,4.0,0.21052631578947367,0.0,0.0,1.0,0.0,2.0,0.25,0.11513157894736842,🟢 Survivable
GP,F,17,U,GT3,A,4,4,other,teacher,home,mother,2,2,0,yes,yes,no,no,yes,yes,no,no,4,1,4,1,1,1,6,6,5,6,1,4.6,0.27368421052631575,0.0,0.0,1.0,0.0,3.0,0.5,0.19342105263157894,🟡 Warning
GP,M,15,U,LE3,A,3,2,services,other,home,mother,1,2,0,no,yes,yes,no,yes,yes,yes,no,4,2,2,1,1,1,0,16,18,19,0,4.0,0.21052631578947367,0.0,0.0,1.0,0.0,2.0,0.25,0.11513157894736842,🟢 Survivable
GP,M,15,U,GT3,T,3,4,other,other,home,mother,1,2,0,no,yes,yes,yes,yes,yes,yes,no,5,5,1,1,1,5,0,14,15,15,0,4.0,0.21052631578947367,0.0,0.0,1.0,0.0,2.0,0.25,0.11513157894736842,🟢 Survivable
GP,F,15,U,GT3,T,4,4,teacher,health,reputation,mother,1,2,0,no,yes,yes,no,yes,yes,yes,no,3,3,3,1,2,2,0,10,8,9,1,4.0,0.21052631578947367,0.0,0.0,1.5,0.10000000000000003,2.0,0.25,0.14013157894736844,🟡 Warning
GP,F,15,U,GT3,T,2,1,services,other,reputation,father,3,3,0,no,yes,no,yes,yes,yes,yes,no,5,2,2,1,1,4,4,10,12,12,0,6.4,0.4631578947368421,0.0,0.0,2.0,0.2,3.0,0.5,0.29078947368421054,🔴 Unsafe
GP,M,15,U,LE3,T,4,4,health,services,course,father,1,1,0,no,yes,yes,yes,yes,yes,yes,no,4,3,3,1,3,5,2,14,14,14,0,2.2,0.02105263157894738,0.0,0.0,2.0,0.2,1.0,0.0,0.05526315789473685,🟢 Survivable
GP,M,15,U,GT3,T,4,3,teacher,other,course,mother,2,2,0,no,yes,yes,no,yes,yes,yes,no,5,4,3,1,2,3,2,10,10,11,0,4.2,0.23157894736842105,0.0,0.0,1.5,0.10000000000000003,2.0,0.25,0.14539473684210527,🟡 Warning
GP,M,15,U,GT3,A,2,2,other,other,home,other,1,3,0,no,yes,no,no,yes,yes,yes,yes,4,5,2,1,1,3,0,14,16,16,0,6.0,0.42105263157894735,0.0,0.0,2.0,0.2,3.0,0.5,0.2802631578947368,🔴 Unsafe
GP,F,16,U,GT3,T,4,4,health,other,home,mother,1,1,0,no,yes,no,no,yes,yes,yes,no,4,4,4,1,2,2,4,14,14,14,0,2.4,0.0421052631578947,0.0,0.0,1.5,0.10000000000000003,1.0,0.0,0.035526315789473684,🟢 Survivable
GP,F,16,U,GT3,T,4,4,services,services,reputation,mother,1,3,0,no,yes,yes,yes,yes,yes,yes,no,3,2,3,1,2,2,6,13,14,14,0,6.6,0.4842105263157894,1.0,1.0,2.5,0.3,4.0,0.75,0.6335526315789474,🔴 Unsafe
GP,F,16,U,GT3,T,3,3,other,other,reputation,mother,3,2,0,yes,yes,no,yes,yes,yes,no,no,5,3,2,1,1,4,4,8,10,10,0,4.4,0.25263157894736843,0.0,0.0,1.0,0.0,2.0,0.25,0.1256578947368421,🟢 Survivable
GP,M,17,U,GT3,T,3,2,services,services,course,mother,1,1,3,no,yes,no,yes,yes,yes,yes,no,5,5,5,2,4,5,16,6,5,5,1,3.6,0.16842105263157897,0.0,0.0,3.0,0.4000000000000001,2.0,0.25,0.20460526315789476,🟡 Warning
GP,M,16,U,LE3,T,4,3,health,other,home,father,1,1,0,no,no,yes,yes,yes,yes,yes,no,3,1,3,1,3,5,4,8,10,10,0,2.4,0.0421052631578947,0.0,0.0,2.0,0.2,1.0,0.0,0.06052631578947368,🟢 Survivable
GP,M,15,U,GT3,T,4,3,teacher,other,reputation,mother,1,2,0,no,no,no,no,yes,yes,yes,no,4,4,1,1,1,1,0,13,14,15,0,4.0,0.21052631578947367,0.0,0.0,1.0,0.0,2.0,0.25,0.11513157894736842,🟢 Survivable
GP,M,15,U,GT3,T,4,4,health,health,other,father,1,1,0,no,yes,yes,no,yes,yes,yes,no,5,4,2,1,1,5,0,12,15,15,0,2.0,0.0,0.0,0.0,1.0,0.0,1.0,0.0,0.0,🟢 Survivable
GP,M,16,U,LE3,T,4,2,teacher,other,course,mother,1,2,0,no,no,no,yes,yes,yes,yes,no,4,5,1,1,3,5,2,15,15,16,0,4.2,0.23157894736842105,0.0,0.0,2.0,0.2,2.0,0.25,0.17039473684210527,🟡 Warning
GP,M,16,U,LE3,T,2,2,other,other,reputation,mother,2,2,0,no,yes,no,yes,yes,yes,yes,no,5,4,4,2,4,5,0,13,13,12,0,4.0,0.21052631578947367,0.0,0.0,3.0,0.4000000000000001,2.0,0.25,0.21513157894736845,🟡 Warning
GP,F,15,R,GT3,T,2,4,services,health,course,mother,1,3,0,yes,yes,yes,yes,yes,yes,yes,no,4,3,2,1,1,5,2,10,9,8,1,6.2,0.4421052631578948,0.0,0.0,2.0,0.2,3.0,0.5,0.2855263157894737,🔴 Unsafe
GP,F,16,U,GT3,T,2,2,services,services,home,mother,1,1,2,no,yes,yes,no,no,yes,yes,no,1,2,2,1,3,5,14,6,9,8,1,3.4000000000000004,0.1473684210526316,0.0,0.0,2.0,0.2,2.0,0.25,0.1493421052631579,🟡 Warning
GP,M,15,U,GT3,T,2,2,other,other,home,mother,1,1,0,no,yes,yes,no,yes,yes,yes,no,4,2,2,1,2,5,2,12,12,11,0,2.2,0.02105263157894738,0.0,0.0,1.5,0.10000000000000003,1.0,0.0,0.030263157894736853,🟢 Survivable
GP,M,15,U,GT3,T,4,2,health,services,other,mother,1,1,0,no,no,yes,no,yes,yes,yes,no,2,2,4,2,4,1,4,15,16,15,0,2.4,0.0421052631578947,0.0,0.0,3.0,0.4000000000000001,1.0,0.0,0.1105263157894737,🟢 Survivable
GP,M,16,U,LE3,A,3,4,services,other,home,mother,1,2,0,yes,yes,no,yes,yes,yes,yes,no,5,3,3,1,1,5,4,11,11,11,0,4.4,0.25263157894736843,0.0,0.0,1.0,0.0,2.0,0.25,0.1256578947368421,🟢 Survivable
GP,M,16,U,GT3,T,4,4,teacher,teacher,home,mother,1,2,0,no,yes,yes,yes,yes,yes,yes,yes,4,4,5,5,5,5,16,10,12,11,0,5.6,0.3789473684210526,0.0,0.0,5.0,0.8,3.0,0.5,0.4197368421052632,🔴 Unsafe
GP,M,15,U,GT3,T,4,4,health,services,home,mother,1,2,0,no,yes,yes,no,no,yes,yes,no,5,4,2,3,4,5,0,9,11,12,0,4.0,0.21052631578947367,0.0,0.0,3.5,0.5,2.0,0.25,0.24013157894736842,🟡 Warning
GP,M,15,U,GT3,T,4,4,services,services,reputation,mother,2,2,0,no,yes,no,yes,yes,yes,yes,no,4,3,1,1,1,5,0,17,16,17,0,4.0,0.21052631578947367,0.0,0.0,1.0,0.0,2.0,0.25,0.11513157894736842,🟢 Survivable
GP,M,15,R,GT3,T,4,3,teacher,at_home,course,mother,1,2,0,no,yes,no,yes,yes,yes,yes,yes,4,5,2,1,1,5,0,17,16,16,0,4.0,0.21052631578947367,0.0,0.0,1.0,0.0,2.0,0.25,0.11513157894736842,🟢 Survivable
GP,M,15,U,LE3,T,3,3,other,other,course,mother,1,2,0,no,no,no,yes,no,yes,yes,no,5,3,2,1,1,2,0,8,10,12,0,4.0,0.21052631578947367,0.0,0.0,1.0,0.0,2.0,0.25,0.11513157894736842,🟢 Survivable
GP,M,16,U,GT3,T,3,2,other,other,home,mother,1,1,0,no,yes,yes,no,no,yes,yes,no,5,4,3,1,1,5,0,12,14,15,0,2.0,0.0,0.0,0.0,1.0,0.0,1.0,0.0,0.0,🟢 Survivable
GP,F,15,U,GT3,T,2,3,other,other,other,father,2,1,0,no,yes,no,yes,yes,yes,no,no,3,5,1,1,1,5,0,8,7,6,1,2.0,0.0,0.0,0.0,1.0,0.0,1.0,0.0,0.0,🟢 Survivable
GP,M,15,U,LE3,T,4,3,teacher,services,home,mother,1,3,0,no,yes,no,yes,yes,yes,yes,no,5,4,3,1,1,4,2,15,16,18,0,6.2,0.4421052631578948,1.0,1.0,2.0,0.2,3.0,0.5,0.5355263157894736,🔴 Unsafe
GP,M,16,R,GT3,A,4,4,other,teacher,reputation,mother,2,3,0,no,yes,no,yes,yes,yes,yes,yes,2,4,3,1,1,5,7,15,16,15,0,6.7,0.49473684210526314,1.0,1.0,2.0,0.2,4.0,0.75,0.6111842105263158,🔴 Unsafe
GP,F,15,R,GT3,T,3,4,services,health,course,mother,1,3,0,yes,yes,yes,yes,yes,yes,yes,no,4,3,2,1,1,5,2,12,12,11,0,6.2,0.4421052631578948,0.0,0.0,2.0,0.2,3.0,0.5,0.2855263157894737,🔴 Unsafe
GP,F,15,R,GT3,T,2,2,at_home,other,reputation,mother,1,1,0,yes,yes,yes,yes,yes,yes,no,no,4,3,1,1,1,2,8,14,13,13,0,2.8,0.08421052631578946,0.0,0.0,1.0,0.0,2.0,0.25,0.08355263157894736,🟢 Survivable
GP,F,16,U,LE3,T,2,2,other,other,home,mother,2,2,1,no,yes,no,yes,no,yes,yes,yes,3,3,3,1,2,3,25,7,10,11,0,6.5,0.4736842105263157,0.0,0.0,1.5,0.10000000000000003,3.0,0.5,0.26842105263157895,🔴 Unsafe
GP,M,15,U,LE3,T,4,4,teacher,other,home,other,1,1,0,no,yes,no,no,no,yes,yes,yes,5,4,3,2,4,5,8,12,12,12,0,2.8,0.08421052631578946,0.0,0.0,3.0,0.4000000000000001,2.0,0.25,0.18355263157894738,🟡 Warning
GP,M,15,U,GT3,T,4,4,services,teacher,course,father,1,2,0,no,yes,no,yes,yes,yes,yes,no,4,3,3,1,1,5,2,19,18,18,0,4.2,0.23157894736842105,0.0,0.0,1.0,0.0,2.0,0.25,0.12039473684210526,🟢 Survivable
GP,M,15,U,GT3,T,2,2,services,services,course,father,1,1,0,yes,yes,no,no,yes,yes,yes,no,5,4,1,1,1,1,0,8,8,11,0,2.0,0.0,0.0,0.0,1.0,0.0,1.0,0.0,0.0,🟢 Survivable
GP,F,16,U,LE3,T,2,2,other,at_home,course,father,2,2,1,yes,no,no,yes,yes,yes,yes,no,4,3,3,2,2,5,14,10,10,9,1,5.4,0.35789473684210527,0.0,0.0,2.0,0.2,3.0,0.5,0.2644736842105263,🟡 Warning
GP,F,15,U,LE3,A,4,3,other,other,course,mother,1,2,0,yes,yes,yes,yes,yes,yes,yes,yes,5,2,2,1,1,5,8,8,8,6,1,4.8,0.2947368421052631,0.0,0.0,1.0,0.0,3.0,0.5,0.19868421052631577,🟡 Warning
GP,F,16,U,LE3,A,3,3,other,services,home,mother,1,2,0,no,yes,no,no,yes,yes,yes,no,2,3,5,1,4,3,12,11,12,11,0,5.2,0.33684210526315794,0.0,0.0,2.5,0.3,3.0,0.5,0.28421052631578947,🔴 Unsafe
GP,M,16,U,GT3,T,4,3,health,services,reputation,mother,1,4,0,no,no,no,yes,yes,yes,yes,no,4,2,2,1,1,2,4,19,19,20,0,8.4,0.6736842105263158,0.0,0.0,2.0,0.2,4.0,0.75,0.40592105263157896,🔴 Unsafe
GP,M,15,U,GT3,T,4,2,teacher,other,home,mother,1,2,0,no,yes,yes,no,yes,yes,no,no,4,3,3,2,2,5,2,15,15,14,0,4.2,0.23157894736842105,0.0,0.0,2.0,0.2,2.0,0.25,0.17039473684210527,🟡 Warning
GP,F,15,U,GT3,T,4,4,services,teacher,other,father,1,2,1,yes,yes,no,yes,no,yes,yes,no,4,4,4,1,1,3,2,7,7,7,1,4.2,0.23157894736842105,0.0,0.0,1.0,0.0,2.0,0.25,0.12039473684210526,🟢 Survivable
GP,F,16,U,LE3,T,2,2,services,services,course,mother,3,2,0,no,yes,yes,no,yes,yes,yes,no,4,3,3,2,3,4,2,12,13,13,0,4.2,0.23157894736842105,0.0,0.0,2.5,0.3,2.0,0.25,0.19539473684210526,🟡 Warning
GP,F,15,U,LE3,T,4,2,health,other,other,mother,1,2,0,no,yes,yes,no,yes,yes,yes,no,4,3,3,1,1,5,2,11,13,13,0,4.2,0.23157894736842105,0.0,0.0,1.0,0.0,2.0,0.25,0.12039473684210526,🟢 Survivable
GP,M,15,U,LE3,A,4,2,health,health,other,father,2,1,1,no,no,no,no,yes,yes,no,no,5,5,5,3,4,5,6,11,11,10,0,2.6,0.06315789473684214,0.0,0.0,3.5,0.5,2.0,0.25,0.20328947368421052,🟡 Warning
GP,F,15,U,GT3,T,4,4,services,services,course,mother,1,1,0,yes,yes,yes,no,yes,yes,yes,no,3,3,4,2,3,5,0,8,10,11,0,2.0,0.0,0.0,0.0,2.5,0.3,1.0,0.0,0.075,🟢 Survivable
GP,F,15,U,LE3,A,3,3,other,other,other,mother,1,1,0,no,no,yes,no,yes,yes,yes,no,5,3,4,4,4,1,6,10,13,13,0,2.6,0.06315789473684214,0.0,0.0,4.0,0.6000000000000001,2.0,0.25,0.22828947368421054,🟡 Warning
GP,F,16,U,GT3,A,2,1,other,other,other,mother,1,2,0,no,no,yes,yes,yes,yes,yes,yes,5,3,4,1,1,2,8,8,9,10,0,4.8,0.2947368421052631,0.0,0.0,1.0,0.0,3.0,0.5,0.19868421052631577,🟡 Warning
GP,F,15,U,GT3,A,4,3,services,services,reputation,mother,1,2,0,no,yes,yes,yes,yes,yes,yes,no,4,3,2,1,1,1,0,14,15,15,0,4.0,0.21052631578947367,0.0,0.0,1.0,0.0,2.0,0.25,0.11513157894736842,🟢 Survivable
GP,M,15,U,GT3,T,4,4,teacher,health,reputation,mother,1,2,0,no,yes,no,yes,yes,yes,no,no,3,2,2,1,1,5,4,14,15,15,0,4.4,0.25263157894736843,0.0,0.0,1.0,0.0,2.0,0.25,0.1256578947368421,🟢 Survivable
GP,M,15,U,LE3,T,1,2,other,at_home,home,father,1,2,0,yes,yes,no,yes,yes,yes,yes,no,4,3,2,1,1,5,2,9,10,9,1,4.2,0.23157894736842105,0.0,0.0,1.0,0.0,2.0,0.25,0.12039473684210526,🟢 Survivable
GP,F,16,U,GT3,T,4,2,services,other,course,mother,1,2,0,no,yes,no,no,yes,yes,yes,no,4,2,3,1,1,5,2,15,16,16,0,4.2,0.23157894736842105,0.0,0.0,1.0,0.0,2.0,0.25,0.12039473684210526,🟢 Survivable
GP,F,16,R,GT3,T,4,4,health,teacher,other,mother,1,2,0,no,yes,no,yes,yes,yes,no,no,2,4,4,2,3,4,6,10,11,11,0,4.6,0.27368421052631575,0.0,0.0,2.5,0.3,3.0,0.5,0.26842105263157895,🔴 Unsafe
GP,F,16,U,GT3,T,1,1,services,services,course,father,4,1,0,yes,yes,no,yes,no,yes,yes,yes,5,5,5,5,5,5,6,10,8,11,0,2.6,0.06315789473684214,0.0,0.0,5.0,0.8,2.0,0.25,0.27828947368421053,🔴 Unsafe
GP,F,16,U,LE3,T,1,2,other,services,reputation,father,1,2,0,yes,no,no,yes,yes,yes,yes,no,4,4,3,1,1,1,4,8,10,9,1,4.4,0.25263157894736843,0.0,0.0,1.0,0.0,2.0,0.25,0.1256578947368421,🟢 Survivable
GP,F,16,U,GT3,T,4,3,teacher,health,home,mother,1,3,0,yes,yes,yes,yes,yes,yes,yes,no,3,4,4,2,4,4,2,10,9,9,1,6.2,0.4421052631578948,1.0,1.0,4.0,0.6000000000000001,3.0,0.5,0.6355263157894737,🔴 Unsafe
GP,F,15,U,LE3,T,4,3,services,services,reputation,father,1,2,0,yes,no,no,yes,yes,yes,yes,yes,4,4,4,2,4,2,0,10,10,10,0,4.0,0.21052631578947367,0.0,0.0,3.0,0.4000000000000001,2.0,0.25,0.21513157894736845,🟡 Warning
GP,F,16,U,LE3,T,4,3,teacher,services,course,mother,3,2,0,no,yes,no,yes,yes,yes,yes,no,5,4,3,1,2,1,2,16,15,15,0,4.2,0.23157894736842105,0.0,0.0,1.5,0.10000000000000003,2.0,0.25,0.14539473684210527,🟡 Warning
GP,M,15,U,GT3,A,4,4,other,services,reputation,mother,1,4,0,no,yes,no,yes,no,yes,yes,yes,1,3,3,5,5,3,4,13,13,12,0,8.4,0.6736842105263158,1.0,1.0,6.0,1.0000000000000002,4.0,0.75,0.855921052631579,🔴 Unsafe
GP,F,16,U,GT3,T,3,1,services,other,course,mother,1,4,0,yes,yes,yes,no,yes,yes,yes,no,4,3,3,1,2,5,4,7,7,6,1,8.4,0.6736842105263158,1.0,1.0,2.5,0.3,4.0,0.75,0.680921052631579,🔴 Unsafe
GP,F,15,R,LE3,T,2,2,health,services,reputation,mother,2,2,0,yes,yes,yes,no,yes,yes,yes,no,4,1,3,1,3,4,2,8,9,8,1,4.2,0.23157894736842105,0.0,0.0,2.0,0.2,2.0,0.25,0.17039473684210527,🟡 Warning
GP,F,15,R,LE3,T,3,1,other,other,reputation,father,2,4,0,no,yes,no,no,no,yes,yes,no,4,4,2,2,3,3,12,16,16,16,0,9.2,0.7578947368421052,0.0,0.0,3.5,0.5,5.0,1.0,0.5644736842105262,🔴 Unsafe
GP,M,16,U,GT3,T,3,1,other,other,reputation,father,2,4,0,no,yes,yes,no,yes,yes,yes,no,4,3,2,1,1,5,0,13,15,15,0,8.0,0.631578947368421,0.0,0.0,2.0,0.2,4.0,0.75,0.39539473684210524,🔴 Unsafe
GP,M,15,U,GT3,T,4,2,other,other,course,mother,1,4,0,no,no,no,no,yes,yes,yes,no,3,3,3,1,1,3,0,10,10,10,0,8.0,0.631578947368421,1.0,1.0,2.0,0.2,4.0,0.75,0.6453947368421052,🔴 Unsafe
GP,F,15,R,GT3,T,1,1,other,other,reputation,mother,1,2,2,yes,yes,no,no,no,yes,yes,yes,3,3,4,2,4,5,2,8,6,5,1,4.2,0.23157894736842105,0.0,0.0,3.0,0.4000000000000001,2.0,0.25,0.22039473684210528,🟡 Warning
GP,M,16,U,GT3,T,3,1,other,other,reputation,mother,1,1,0,no,no,no,yes,yes,yes,no,no,5,3,2,2,2,5,2,12,12,14,0,2.2,0.02105263157894738,0.0,0.0,2.0,0.2,1.0,0.0,0.05526315789473685,🟢 Survivable
GP,F,16,U,GT3,T,3,3,other,services,home,mother,1,2,0,yes,yes,yes,yes,yes,yes,yes,no,4,3,3,2,4,5,54,11,12,11,0,9.4,0.7789473684210526,0.0,0.0,3.0,0.4000000000000001,3.0,0.5,0.4197368421052632,🔴 Unsafe
GP,M,15,U,GT3,T,4,3,teacher,other,home,mother,1,2,0,no,yes,yes,yes,yes,yes,yes,no,4,3,3,2,3,5,6,9,9,10,0,4.6,0.27368421052631575,0.0,0.0,2.5,0.3,3.0,0.5,0.26842105263157895,🔴 Unsafe
GP,M,15,U,GT3,T,4,0,teacher,other,course,mother,2,4,0,no,no,no,yes,yes,yes,yes,no,3,4,3,1,1,1,8,11,11,10,0,8.8,0.7157894736842105,1.0,1.0,2.0,0.2,5.0,1.0,0.7289473684210526,🔴 Unsafe
GP,F,16,U,GT3,T,2,2,other,other,reputation,mother,1,4,0,no,no,yes,no,yes,yes,yes,yes,5,2,3,1,3,3,0,11,11,11,0,8.0,0.631578947368421,1.0,1.0,3.0,0.4000000000000001,4.0,0.75,0.6953947368421053,🔴 Unsafe
GP,M,17,U,GT3,T,2,1,other,other,home,mother,2,1,3,yes,yes,no,yes,yes,no,yes,no,4,5,1,1,1,3,2,8,8,10,0,2.2,0.02105263157894738,0.0,0.0,1.0,0.0,1.0,0.0,0.005263157894736845,🟢 Survivable
GP,F,16,U,GT3,T,3,4,at_home,other,course,mother,1,2,0,no,yes,no,no,yes,yes,yes,no,2,4,3,1,2,3,12,5,5,5,1,5.2,0.33684210526315794,0.0,0.0,1.5,0.10000000000000003,3.0,0.5,0.23421052631578948,🟡 Warning
GP,M,15,U,GT3,T,2,3,other,services,course,father,1,1,0,yes,yes,yes,yes,no,yes,yes,yes,3,2,2,1,3,3,2,10,12,12,0,2.2,0.02105263157894738,0.0,0.0,2.0,0.2,1.0,0.0,0.05526315789473685,🟢 Survivable
GP,M,15,U,GT3,T,2,3,other,other,home,mother,1,3,0,yes,no,yes,no,no,yes,yes,no,5,3,2,1,2,5,4,11,10,11,0,6.4,0.4631578947368421,0.0,0.0,2.5,0.3,3.0,0.5,0.3157894736842105,🔴 Unsafe
GP,F,15,U,LE3,T,3,2,services,other,reputation,mother,1,2,0,no,yes,yes,no,yes,yes,yes,no,4,4,4,1,1,5,10,7,6,6,1,5.0,0.3157894736842105,0.0,0.0,1.0,0.0,3.0,0.5,0.20394736842105263,🟡 Warning
GP,M,15,U,LE3,T,2,2,services,services,home,mother,2,2,0,no,no,yes,yes,yes,yes,yes,no,5,3,3,1,3,4,4,15,15,15,0,4.4,0.25263157894736843,0.0,0.0,2.0,0.2,2.0,0.25,0.17565789473684212,🟡 Warning
GP,F,15,U,GT3,T,1,1,other,other,home,father,1,2,0,no,yes,no,yes,no,yes,yes,no,4,3,2,2,3,4,2,9,10,10,0,4.2,0.23157894736842105,0.0,0.0,2.5,0.3,2.0,0.25,0.19539473684210526,🟡 Warning
GP,F,15,U,GT3,T,4,4,services,services,reputation,father,2,2,2,no,no,yes,no,yes,yes,yes,yes,4,4,4,2,3,5,6,7,9,8,1,4.6,0.27368421052631575,0.0,0.0,2.5,0.3,3.0,0.5,0.26842105263157895,🔴 Unsafe
GP,F,16,U,LE3,T,2,2,at_home,other,course,mother,1,2,0,no,yes,no,no,yes,yes,no,no,4,3,4,1,2,2,4,8,7,6,1,4.4,0.25263157894736843,0.0,0.0,1.5,0.10000000000000003,2.0,0.25,0.1506578947368421,🟡 Warning
GP,F,15,U,GT3,T,4,2,other,other,reputation,mother,1,3,0,no,yes,no,yes,yes,yes,yes,no,5,3,3,1,3,1,4,13,14,14,0,6.4,0.4631578947368421,1.0,1.0,3.0,0.4000000000000001,3.0,0.5,0.5907894736842105,🔴 Unsafe
GP,M,16,U,GT3,T,2,2,services,other,reputation,father,2,2,1,no,no,yes,yes,no,yes,yes,no,4,4,2,1,1,3,12,11,10,10,0,5.2,0.33684210526315794,0.0,0.0,1.0,0.0,3.0,0.5,0.20921052631578949,🟡 Warning
GP,M,16,U,LE3,A,4,4,teacher,health,reputation,mother,1,2,0,no,yes,no,no,yes,yes,no,no,4,1,3,3,5,5,18,8,6,7,1,5.8,0.3999999999999999,0.0,0.0,4.0,0.6000000000000001,3.0,0.5,0.375,🔴 Unsafe
GP,F,16,U,GT3,T,3,3,other,other,home,mother,1,3,0,no,yes,yes,no,yes,yes,yes,yes,4,3,3,1,3,4,0,7,7,8,1,6.0,0.42105263157894735,1.0,1.0,3.0,0.4000000000000001,3.0,0.5,0.5802631578947368,🔴 Unsafe
GP,F,15,U,GT3,T,4,3,services,other,reputation,mother,1,1,0,no,no,yes,yes,yes,yes,yes,no,4,5,5,1,3,1,4,16,17,18,0,2.4,0.0421052631578947,0.0,0.0,2.0,0.2,1.0,0.0,0.06052631578947368,🟢 Survivable
GP,F,16,U,LE3,T,3,1,other,other,home,father,1,2,0,yes,yes,no,no,yes,yes,no,no,3,3,3,2,3,2,4,7,6,6,1,4.4,0.25263157894736843,0.0,0.0,2.5,0.3,2.0,0.25,0.2006578947368421,🟡 Warning
GP,F,16,U,GT3,T,4,2,teacher,services,home,mother,2,2,0,no,yes,yes,yes,yes,yes,yes,no,5,3,3,1,1,1,0,11,10,10,0,4.0,0.21052631578947367,0.0,0.0,1.0,0.0,2.0,0.25,0.11513157894736842,🟢 Survivable
GP,M,15,U,LE3,T,2,2,services,health,reputation,mother,1,4,0,no,yes,no,yes,yes,yes,yes,no,4,3,4,1,1,4,6,11,13,14,0,8.6,0.6947368421052631,1.0,1.0,2.0,0.2,5.0,1.0,0.7236842105263157,🔴 Unsafe
GP,F,15,R,GT3,T,1,1,at_home,other,home,mother,2,4,1,yes,yes,yes,yes,yes,yes,yes,no,3,1,2,1,1,1,2,7,10,10,0,8.2,0.6526315789473683,0.0,0.0,2.0,0.2,4.0,0.75,0.4006578947368421,🔴 Unsafe
GP,M,16,R,GT3,T,4,3,services,other,reputation,mother,2,1,0,yes,yes,no,yes,no,yes,yes,no,3,3,3,1,1,4,2,11,15,15,0,2.2,0.02105263157894738,0.0,0.0,1.0,0.0,1.0,0.0,0.005263157894736845,🟢 Survivable
GP,F,16,U,GT3,T,2,1,other,other,course,mother,1,2,0,no,yes,yes,no,yes,yes,no,yes,4,3,5,1,1,5,2,8,9,10,0,4.2,0.23157894736842105,0.0,0.0,1.0,0.0,2.0,0.25,0.12039473684210526,🟢 Survivable
GP,F,16,U,GT3,T,4,4,other,other,reputation,mother,1,1,0,no,no,no,yes,no,yes,yes,no,5,3,4,1,2,1,6,11,14,14,0,2.6,0.06315789473684214,0.0,0.0,1.5,0.10000000000000003,2.0,0.25,0.10328947368421054,🟢 Survivable
GP,F,16,U,GT3,T,4,3,other,at_home,course,mother,1,3,0,yes,yes,yes,no,yes,yes,yes,no,5,3,5,1,1,3,0,7,9,8,1,6.0,0.42105263157894735,1.0,1.0,2.0,0.2,3.0,0.5,0.5302631578947368,🔴 Unsafe
GP,M,16,U,GT3,T,4,4,services,services,other,mother,1,1,0,yes,yes,yes,yes,yes,yes,yes,no,4,5,5,5,5,4,14,7,7,5,1,3.4000000000000004,0.1473684210526316,0.0,0.0,5.0,0.8,2.0,0.25,0.2993421052631579,🔴 Unsafe
GP,M,16,U,GT3,T,4,4,services,teacher,other,father,1,3,0,no,yes,no,yes,yes,yes,yes,yes,4,4,3,1,1,4,0,16,17,17,0,6.0,0.42105263157894735,1.0,1.0,2.0,0.2,3.0,0.5,0.5302631578947368,🔴 Unsafe
GP,M,15,U,GT3,T,4,4,services,other,course,mother,1,1,0,no,yes,no,yes,no,yes,yes,no,5,3,3,1,1,5,4,10,13,14,0,2.4,0.0421052631578947,0.0,0.0,1.0,0.0,1.0,0.0,0.010526315789473675,🟢 Survivable
GP,F,15,U,GT3,T,3,2,services,other,home,mother,2,2,0,yes,yes,yes,no,yes,yes,yes,no,4,3,5,1,1,2,26,7,6,6,1,6.6,0.4842105263157894,0.0,0.0,1.0,0.0,3.0,0.5,0.24605263157894736,🟡 Warning
GP,M,15,U,GT3,A,3,4,services,other,course,mother,1,2,0,no,yes,yes,yes,yes,yes,yes,no,5,4,4,1,1,1,0,16,18,18,0,4.0,0.21052631578947367,0.0,0.0,1.0,0.0,2.0,0.25,0.11513157894736842,🟢 Survivable
GP,F,15,U,GT3,A,3,3,other,health,reputation,father,1,4,0,yes,no,no,no,yes,yes,no,no,4,3,3,1,1,4,10,10,11,11,0,9.0,0.7368421052631579,1.0,1.0,2.0,0.2,5.0,1.0,0.7342105263157894,🔴 Unsafe
GP,F,15,U,GT3,T,2,2,other,other,course,mother,1,4,0,yes,yes,yes,no,yes,yes,yes,no,5,1,2,1,1,3,8,7,8,8,1,8.8,0.7157894736842105,0.0,0.0,2.0,0.2,5.0,1.0,0.4789473684210526,🔴 Unsafe
GP,M,16,U,GT3,T,3,3,services,other,home,father,1,3,0,no,yes,no,yes,yes,yes,yes,no,5,3,3,1,1,5,2,16,18,18,0,6.2,0.4421052631578948,1.0,1.0,2.0,0.2,3.0,0.5,0.5355263157894736,🔴 Unsafe
GP,M,15,R,GT3,T,4,4,other,other,home,father,4,4,0,no,yes,yes,yes,yes,yes,yes,yes,1,3,5,3,5,1,6,10,13,13,0,8.6,0.6947368421052631,1.0,1.0,5.0,0.8,5.0,1.0,0.8736842105263158,🔴 Unsafe
GP,F,16,U,LE3,T,4,4,health,health,other,mother,1,3,0,no,yes,yes,yes,yes,yes,yes,yes,5,4,5,1,1,4,4,14,15,16,0,6.4,0.4631578947368421,1.0,1.0,2.0,0.2,3.0,0.5,0.5407894736842105,🔴 Unsafe
GP,M,15,U,LE3,A,4,4,teacher,teacher,course,mother,1,1,0,no,no,no,yes,yes,yes,yes,no,5,5,3,1,1,4,6,18,19,19,0,2.6,0.06315789473684214,0.0,0.0,1.0,0.0,2.0,0.25,0.07828947368421053,🟢 Survivable
GP,F,16,R,GT3,T,3,3,services,other,reputation,father,1,3,1,yes,yes,no,yes,yes,yes,yes,no,4,1,2,1,1,2,0,7,10,10,0,6.0,0.42105263157894735,0.0,0.0,2.0,0.2,3.0,0.5,0.2802631578947368,🔴 Unsafe
GP,F,16,U,GT3,T,2,2,at_home,other,home,mother,1,2,1,yes,no,no,yes,yes,yes,yes,no,3,1,2,1,1,5,6,10,13,13,0,4.6,0.27368421052631575,0.0,0.0,1.0,0.0,3.0,0.5,0.19342105263157894,🟡 Warning
GP,M,15,U,LE3,T,4,2,teacher,other,course,mother,1,1,0,no,no,no,no,yes,yes,yes,no,3,5,2,1,1,3,10,18,19,19,0,3.0,0.10526315789473684,0.0,0.0,1.0,0.0,2.0,0.25,0.08881578947368421,🟢 Survivable
GP,M,15,R,GT3,T,2,1,health,services,reputation,mother,1,2,0,no,no,no,yes,yes,yes,yes,yes,5,4,2,1,1,5,8,9,9,9,1,4.8,0.2947368421052631,0.0,0.0,1.0,0.0,3.0,0.5,0.19868421052631577,🟡 Warning
GP,M,16,U,GT3,T,4,4,teacher,teacher,course,father,1,2,0,no,yes,no,yes,yes,yes,yes,no,5,4,4,1,2,5,2,15,15,16,0,4.2,0.23157894736842105,0.0,0.0,1.5,0.10000000000000003,2.0,0.25,0.14539473684210527,🟡 Warning
GP,M,15,U,GT3,T,4,4,other,teacher,reputation,father,2,2,0,no,yes,no,yes,yes,yes,no,no,4,4,3,1,1,2,2,11,13,14,0,4.2,0.23157894736842105,0.0,0.0,1.0,0.0,2.0,0.25,0.12039473684210526,🟢 Survivable
GP,M,16,U,GT3,T,3,3,other,services,home,father,2,1,0,no,no,no,yes,yes,yes,yes,no,5,4,2,1,1,5,0,13,14,13,0,2.0,0.0,0.0,0.0,1.0,0.0,1.0,0.0,0.0,🟢 Survivable
GP,M,17,R,GT3,T,1,3,other,other,course,father,3,2,1,no,yes,no,yes,yes,yes,yes,no,5,2,4,1,4,5,20,9,7,8,1,6.0,0.42105263157894735,0.0,0.0,2.5,0.3,3.0,0.5,0.30526315789473685,🔴 Unsafe
GP,M,15,U,GT3,T,3,4,other,other,reputation,father,1,1,0,no,no,no,no,yes,yes,yes,no,3,4,3,1,2,4,6,14,13,13,0,2.6,0.06315789473684214,0.0,0.0,1.5,0.10000000000000003,2.0,0.25,0.10328947368421054,🟢 Survivable
GP,F,15,U,GT3,T,1,2,at_home,services,course,mother,1,2,0,no,no,no,no,no,yes,yes,no,3,2,3,1,2,1,2,16,15,15,0,4.2,0.23157894736842105,0.0,0.0,1.5,0.10000000000000003,2.0,0.25,0.14539473684210527,🟡 Warning
GP,M,15,U,GT3,T,2,2,services,services,home,father,1,4,0,no,yes,yes,yes,yes,yes,yes,no,5,5,4,1,2,5,6,16,14,15,0,8.6,0.6947368421052631,1.0,1.0,2.5,0.3,5.0,1.0,0.7486842105263158,🔴 Unsafe
GP,F,16,U,LE3,T,2,4,other,health,course,father,2,2,0,no,yes,yes,yes,yes,yes,yes,yes,4,2,2,1,2,5,2,13,13,13,0,4.2,0.23157894736842105,0.0,0.0,1.5,0.10000000000000003,2.0,0.25,0.14539473684210527,🟡 Warning
GP,M,16,U,GT3,T,4,4,health,other,course,mother,1,1,0,no,yes,no,yes,yes,yes,yes,no,3,4,4,1,4,5,18,14,11,13,0,3.8,0.1894736842105263,0.0,0.0,2.5,0.3,2.0,0.25,0.18486842105263157,🟡 Warning
GP,F,16,U,GT3,T,2,2,other,other,home,mother,1,2,0,no,no,yes,no,yes,yes,yes,yes,5,4,4,1,1,5,0,8,7,8,1,4.0,0.21052631578947367,0.0,0.0,1.0,0.0,2.0,0.25,0.11513157894736842,🟢 Survivable
GP,M,15,U,GT3,T,3,4,services,services,home,father,1,1,0,yes,no,no,no,yes,yes,yes,no,5,5,5,3,2,5,0,13,13,12,0,2.0,0.0,0.0,0.0,2.5,0.3,1.0,0.0,0.075,🟢 Survivable
GP,F,15,U,LE3,A,3,4,other,other,home,mother,1,2,0,yes,no,no,yes,yes,yes,yes,yes,5,3,2,1,1,1,0,7,10,11,0,4.0,0.21052631578947367,0.0,0.0,1.0,0.0,2.0,0.25,0.11513157894736842,🟢 Survivable
GP,F,19,U,GT3,T,0,1,at_home,other,course,other,1,2,3,no,yes,no,no,no,no,no,no,3,4,2,1,1,5,2,7,8,9,1,4.2,0.23157894736842105,0.0,0.0,1.0,0.0,2.0,0.25,0.12039473684210526,🟢 Survivable
GP,M,18,R,GT3,T,2,2,services,other,reputation,mother,1,1,2,no,yes,no,yes,yes,yes,yes,no,3,3,3,1,2,4,0,7,4,0,1,2.0,0.0,0.0,0.0,1.5,0.10000000000000003,1.0,0.0,0.02500000000000001,🟢 Survivable
GP,M,16,R,GT3,T,4,4,teacher,teacher,course,mother,1,1,0,no,no,yes,yes,yes,yes,yes,no,3,5,5,2,5,4,8,18,18,18,0,2.8,0.08421052631578946,0.0,0.0,3.5,0.5,2.0,0.25,0.20855263157894738,🟡 Warning
GP,F,15,R,GT3,T,3,4,services,teacher,course,father,2,3,2,no,yes,no,no,yes,yes,yes,yes,4,2,2,2,2,5,0,12,0,0,1,6.0,0.42105263157894735,0.0,0.0,3.0,0.4000000000000001,3.0,0.5,0.33026315789473687,🔴 Unsafe
GP,F,15,U,GT3,T,1,1,at_home,other,course,mother,3,1,0,no,yes,no,yes,no,yes,yes,yes,4,3,3,1,2,4,0,8,0,0,1,2.0,0.0,0.0,0.0,1.5,0.10000000000000003,1.0,0.0,0.02500000000000001,🟢 Survivable
GP,F,17,U,LE3,T,2,2,other,other,course,father,1,1,0,no,yes,no,no,yes,yes,yes,yes,3,4,4,1,3,5,12,10,13,12,0,3.2,0.12631578947368421,0.0,0.0,2.0,0.2,2.0,0.25,0.14407894736842106,🟡 Warning
GP,F,16,U,GT3,A,3,4,services,other,course,father,1,1,0,no,no,no,no,yes,yes,yes,no,3,2,1,1,4,5,16,12,11,11,0,3.6,0.16842105263157897,0.0,0.0,2.5,0.3,2.0,0.25,0.17960526315789474,🟡 Warning
GP,M,15,R,GT3,T,3,4,at_home,teacher,course,mother,4,2,0,no,yes,no,no,yes,yes,no,yes,5,3,3,1,1,5,0,9,0,0,1,4.0,0.21052631578947367,0.0,0.0,1.0,0.0,2.0,0.25,0.11513157894736842,🟢 Survivable
GP,F,15,U,GT3,T,4,4,services,at_home,course,mother,1,3,0,no,yes,no,yes,yes,yes,yes,yes,4,3,3,1,1,5,0,11,0,0,1,6.0,0.42105263157894735,1.0,1.0,2.0,0.2,3.0,0.5,0.5302631578947368,🔴 Unsafe
GP,M,17,R,GT3,T,3,4,at_home,other,course,mother,3,2,0,no,no,no,no,yes,yes,no,no,5,4,5,2,4,5,0,10,0,0,1,4.0,0.21052631578947367,0.0,0.0,3.0,0.4000000000000001,2.0,0.25,0.21513157894736845,🟡 Warning
GP,F,16,U,GT3,A,3,3,other,other,course,other,2,1,2,no,yes,no,yes,no,yes,yes,yes,4,3,2,1,1,5,0,4,0,0,1,2.0,0.0,0.0,0.0,1.0,0.0,1.0,0.0,0.0,🟢 Survivable
GP,M,16,U,LE3,T,1,1,services,other,course,mother,1,2,1,no,no,no,no,yes,yes,no,yes,4,4,4,1,3,5,0,14,12,12,0,4.0,0.21052631578947367,0.0,0.0,2.0,0.2,2.0,0.25,0.1651315789473684,🟡 Warning
GP,F,15,U,GT3,T,4,4,teacher,teacher,course,mother,2,1,0,no,no,no,yes,yes,yes,yes,no,4,3,2,1,1,5,0,16,16,15,0,2.0,0.0,0.0,0.0,1.0,0.0,1.0,0.0,0.0,🟢 Survivable
GP,M,15,U,GT3,T,4,3,teacher,services,course,father,2,4,0,yes,yes,no,no,yes,yes,yes,no,2,2,2,1,1,3,0,7,9,0,1,8.0,0.631578947368421,0.0,0.0,2.0,0.2,4.0,0.75,0.39539473684210524,🔴 Unsafe
GP,M,16,U,LE3,T,2,2,services,services,reputation,father,2,1,2,no,yes,no,yes,yes,yes,yes,no,2,3,3,2,2,2,8,9,9,9,1,2.8,0.08421052631578946,0.0,0.0,2.0,0.2,2.0,0.25,0.13355263157894737,🟢 Survivable
GP,F,15,U,GT3,T,4,4,teacher,services,course,mother,1,3,0,no,yes,yes,yes,yes,yes,yes,no,4,2,2,1,1,5,2,9,11,11,0,6.2,0.4421052631578948,0.0,0.0,2.0,0.2,3.0,0.5,0.2855263157894737,🔴 Unsafe
GP,F,16,U,LE3,T,1,1,at_home,at_home,course,mother,1,1,0,no,no,no,no,yes,yes,yes,no,3,4,4,3,3,1,2,14,14,13,0,2.2,0.02105263157894738,0.0,0.0,3.0,0.4000000000000001,1.0,0.0,0.10526315789473686,🟢 Survivable
GP,M,17,U,GT3,T,2,1,other,other,home,mother,1,1,3,no,yes,no,no,yes,yes,yes,no,5,4,5,1,2,5,0,5,0,0,1,2.0,0.0,0.0,0.0,1.5,0.10000000000000003,1.0,0.0,0.02500000000000001,🟢 Survivable
GP,F,15,U,GT3,T,1,1,other,services,course,father,1,2,0,no,yes,yes,no,yes,yes,yes,no,4,4,2,1,2,5,0,8,11,11,0,4.0,0.21052631578947367,0.0,0.0,1.5,0.10000000000000003,2.0,0.25,0.14013157894736844,🟡 Warning
GP,F,15,U,GT3,T,3,2,health,services,home,father,1,2,3,no,yes,no,no,yes,yes,yes,no,3,3,2,1,1,3,0,6,7,0,1,4.0,0.21052631578947367,0.0,0.0,1.0,0.0,2.0,0.25,0.11513157894736842,🟢 Survivable
GP,F,15,U,GT3,T,1,2,at_home,other,course,mother,1,2,0,no,yes,yes,no,no,yes,yes,no,4,3,2,1,1,5,2,10,11,11,0,4.2,0.23157894736842105,0.0,0.0,1.0,0.0,2.0,0.25,0.12039473684210526,🟢 Survivable
GP,M,16,U,GT3,T,4,4,teacher,teacher,course,mother,1,1,0,no,yes,no,no,yes,no,yes,yes,3,3,2,2,1,5,0,7,6,0,1,2.0,0.0,0.0,0.0,1.5,0.10000000000000003,1.0,0.0,0.02500000000000001,🟢 Survivable
GP,M,15,U,LE3,A,2,1,services,other,course,mother,4,1,3,no,no,no,no,yes,yes,yes,no,4,5,5,2,5,5,0,8,9,10,0,2.0,0.0,0.0,0.0,3.5,0.5,1.0,0.0,0.125,🟢 Survivable
GP,M,18,U,LE3,T,1,1,other,other,course,mother,1,1,3,no,no,no,no,yes,no,yes,yes,2,3,5,2,5,4,0,6,5,0,1,2.0,0.0,0.0,0.0,3.5,0.5,1.0,0.0,0.125,🟢 Survivable
GP,M,16,U,LE3,T,2,1,at_home,other,course,mother,1,1,1,no,no,no,yes,yes,yes,no,yes,4,4,4,3,5,5,6,12,13,14,0,2.6,0.06315789473684214,0.0,0.0,4.0,0.6000000000000001,2.0,0.25,0.22828947368421054,🟡 Warning
GP,F,15,R,GT3,T,3,3,services,services,reputation,other,2,3,2,no,yes,yes,yes,yes,yes,yes,yes,4,2,1,2,3,3,8,10,10,10,0,6.8,0.5052631578947367,0.0,0.0,3.5,0.5,4.0,0.75,0.43881578947368416,🔴 Unsafe
GP,M,19,U,GT3,T,3,2,services,at_home,home,mother,1,1,3,no,yes,no,no,yes,no,yes,yes,4,5,4,1,1,4,0,5,0,0,1,2.0,0.0,0.0,0.0,1.0,0.0,1.0,0.0,0.0,🟢 Survivable
GP,F,17,U,GT3,T,4,4,other,teacher,course,mother,1,1,0,yes,yes,no,no,yes,yes,no,yes,4,2,1,1,1,4,0,11,11,12,0,2.0,0.0,0.0,0.0,1.0,0.0,1.0,0.0,0.0,🟢 Survivable
GP,M,15,R,GT3,T,2,3,at_home,services,course,mother,1,2,0,yes,no,yes,yes,yes,yes,no,no,4,4,4,1,1,1,2,11,8,8,1,4.2,0.23157894736842105,0.0,0.0,1.0,0.0,2.0,0.25,0.12039473684210526,🟢 Survivable
GP,M,17,R,LE3,T,1,2,other,other,reputation,mother,1,1,0,no,no,no,no,yes,yes,no,no,2,2,2,3,3,5,8,16,12,13,0,2.8,0.08421052631578946,0.0,0.0,3.0,0.4000000000000001,2.0,0.25,0.18355263157894738,🟡 Warning
GP,F,18,R,GT3,T,1,1,at_home,other,course,mother,3,1,3,no,yes,no,yes,no,yes,no,no,5,2,5,1,5,4,6,9,8,10,0,2.6,0.06315789473684214,0.0,0.0,3.0,0.4000000000000001,2.0,0.25,0.17828947368421055,🟡 Warning
GP,M,16,R,GT3,T,2,2,at_home,other,course,mother,3,1,0,no,no,no,no,no,yes,no,no,4,2,2,1,2,3,2,17,15,15,0,2.2,0.02105263157894738,0.0,0.0,1.5,0.10000000000000003,1.0,0.0,0.030263157894736853,🟢 Survivable
GP,M,16,U,GT3,T,3,3,other,services,course,father,1,2,1,no,yes,yes,no,yes,yes,yes,yes,4,5,5,4,4,5,4,10,12,12,0,4.4,0.25263157894736843,0.0,0.0,4.0,0.6000000000000001,2.0,0.25,0.2756578947368421,🔴 Unsafe
GP,M,17,R,LE3,T,2,1,at_home,other,course,mother,2,1,2,no,no,no,yes,yes,no,yes,yes,3,3,2,2,2,5,0,7,6,0,1,2.0,0.0,0.0,0.0,2.0,0.2,1.0,0.0,0.05,🟢 Survivable
GP,M,15,R,GT3,T,3,2,other,other,course,mother,2,2,2,yes,yes,no,no,yes,yes,yes,yes,4,4,4,1,4,3,6,5,9,7,1,4.6,0.27368421052631575,0.0,0.0,2.5,0.3,3.0,0.5,0.26842105263157895,🔴 Unsafe
GP,M,16,U,LE3,T,1,2,other,other,course,mother,2,1,1,no,no,no,yes,yes,yes,no,no,4,4,4,2,4,5,0,7,0,0,1,2.0,0.0,0.0,0.0,3.0,0.4000000000000001,1.0,0.0,0.10000000000000002,🟢 Survivable
GP,M,17,U,GT3,T,1,3,at_home,services,course,father,1,1,0,no,no,no,no,yes,no,yes,no,5,3,3,1,4,2,2,10,10,10,0,2.2,0.02105263157894738,0.0,0.0,2.5,0.3,1.0,0.0,0.08026315789473684,🟢 Survivable
GP,M,17,R,LE3,T,1,1,other,services,course,mother,4,2,3,no,no,no,yes,yes,no,no,yes,5,3,5,1,5,5,0,5,8,7,1,4.0,0.21052631578947367,0.0,0.0,3.0,0.4000000000000001,2.0,0.25,0.21513157894736845,🟡 Warning
GP,M,16,U,GT3,T,3,2,services,services,course,mother,2,1,1,no,yes,no,yes,no,no,no,no,4,5,2,1,1,2,16,12,11,12,0,3.6,0.16842105263157897,0.0,0.0,1.0,0.0,2.0,0.25,0.10460526315789474,🟢 Survivable
GP,M,16,U,GT3,T,2,2,other,other,course,father,1,2,0,no,no,no,no,yes,no,yes,no,4,3,5,2,4,4,4,10,10,10,0,4.4,0.25263157894736843,0.0,0.0,3.0,0.4000000000000001,2.0,0.25,0.2256578947368421,🟡 Warning
GP,F,16,U,GT3,T,4,2,health,services,home,father,1,2,0,no,no,yes,no,yes,yes,yes,yes,4,2,3,1,1,3,0,14,15,16,0,4.0,0.21052631578947367,0.0,0.0,1.0,0.0,2.0,0.25,0.11513157894736842,🟢 Survivable
GP,F,16,U,GT3,T,2,2,other,other,home,mother,1,2,0,no,yes,yes,no,no,yes,yes,no,5,1,5,1,1,4,0,6,7,0,1,4.0,0.21052631578947367,0.0,0.0,1.0,0.0,2.0,0.25,0.11513157894736842,🟢 Survivable
GP,F,16,U,GT3,T,4,4,health,health,reputation,mother,1,2,0,no,yes,yes,no,yes,yes,yes,yes,4,4,2,1,1,3,0,14,14,14,0,4.0,0.21052631578947367,0.0,0.0,1.0,0.0,2.0,0.25,0.11513157894736842,🟢 Survivable
GP,M,16,U,GT3,T,3,4,other,other,course,father,3,1,2,no,yes,no,yes,no,yes,yes,no,3,4,5,2,4,2,0,6,5,0,1,2.0,0.0,0.0,0.0,3.0,0.4000000000000001,1.0,0.0,0.10000000000000002,🟢 Survivable
GP,M,16,U,GT3,T,1,0,other,other,reputation,mother,2,2,0,no,yes,yes,yes,yes,yes,yes,yes,4,3,2,1,1,3,2,13,15,16,0,4.2,0.23157894736842105,0.0,0.0,1.0,0.0,2.0,0.25,0.12039473684210526,🟢 Survivable
GP,M,17,U,LE3,T,4,4,teacher,other,reputation,mother,1,2,0,no,yes,yes,yes,yes,yes,yes,no,4,4,4,1,3,5,0,13,11,10,0,4.0,0.21052631578947367,0.0,0.0,2.0,0.2,2.0,0.25,0.1651315789473684,🟡 Warning
GP,F,16,U,GT3,T,1,3,at_home,services,home,mother,1,2,3,no,no,no,yes,no,yes,yes,yes,4,3,5,1,1,3,0,8,7,0,1,4.0,0.21052631578947367,0.0,0.0,1.0,0.0,2.0,0.25,0.11513157894736842,🟢 Survivable
GP,F,16,U,LE3,T,3,3,other,other,reputation,mother,2,2,0,no,yes,yes,yes,yes,yes,yes,no,4,4,5,1,1,4,4,10,11,9,1,4.4,0.25263157894736843,0.0,0.0,1.0,0.0,2.0,0.25,0.1256578947368421,🟢 Survivable
GP,M,17,U,LE3,T,4,3,teacher,other,course,mother,2,2,0,no,no,yes,yes,yes,yes,yes,no,4,4,4,4,4,4,4,10,9,9,1,4.4,0.25263157894736843,0.0,0.0,4.0,0.6000000000000001,2.0,0.25,0.2756578947368421,🔴 Unsafe
GP,F,16,U,GT3,T,2,2,services,other,reputation,mother,2,2,0,no,no,yes,yes,no,yes,yes,no,3,4,4,1,4,5,2,13,13,11,0,4.2,0.23157894736842105,0.0,0.0,2.5,0.3,2.0,0.25,0.19539473684210526,🟡 Warning
GP,M,17,U,GT3,T,3,3,other,other,reputation,father,1,2,0,no,no,no,yes,no,yes,yes,no,4,3,4,1,4,4,4,6,5,6,1,4.4,0.25263157894736843,0.0,0.0,2.5,0.3,2.0,0.25,0.2006578947368421,🟡 Warning
GP,M,16,R,GT3,T,4,2,teacher,services,other,mother,1,1,0,no,yes,no,yes,yes,yes,yes,yes,4,3,3,3,4,3,10,10,8,9,1,3.0,0.10526315789473684,0.0,0.0,3.5,0.5,2.0,0.25,0.2138157894736842,🟡 Warning
GP,M,17,U,GT3,T,4,3,other,other,course,mother,1,2,0,no,yes,no,yes,yes,yes,yes,yes,5,2,3,1,1,2,4,10,10,11,0,4.4,0.25263157894736843,0.0,0.0,1.0,0.0,2.0,0.25,0.1256578947368421,🟢 Survivable
GP,M,16,U,GT3,T,4,3,teacher,other,home,mother,1,2,0,no,yes,yes,yes,yes,yes,yes,no,3,4,3,2,3,3,10,9,8,8,1,5.0,0.3157894736842105,0.0,0.0,2.5,0.3,3.0,0.5,0.2789473684210526,🔴 Unsafe
GP,M,16,U,GT3,T,3,3,services,other,home,mother,1,2,0,no,no,yes,yes,yes,yes,yes,yes,4,2,3,1,2,3,2,12,13,12,0,4.2,0.23157894736842105,0.0,0.0,1.5,0.10000000000000003,2.0,0.25,0.14539473684210527,🟡 Warning
GP,F,17,U,GT3,T,2,4,services,services,reputation,father,1,2,0,no,yes,no,yes,yes,yes,no,no,5,4,2,2,3,5,0,16,17,17,0,4.0,0.21052631578947367,0.0,0.0,2.5,0.3,2.0,0.25,0.19013157894736843,🟡 Warning
GP,F,17,U,LE3,T,3,3,other,other,reputation,mother,1,2,0,no,yes,no,yes,yes,yes,yes,yes,5,3,3,2,3,1,56,9,9,8,1,9.600000000000001,0.8,0.0,0.0,2.5,0.3,3.0,0.5,0.4,🔴 Unsafe
GP,F,16,U,GT3,T,3,2,other,other,reputation,mother,1,2,0,no,yes,yes,no,yes,yes,yes,no,1,2,2,1,2,1,14,12,13,12,0,5.4,0.35789473684210527,0.0,0.0,1.5,0.10000000000000003,3.0,0.5,0.23947368421052634,🟡 Warning
GP,M,17,U,GT3,T,3,3,services,services,other,mother,1,2,0,no,yes,no,yes,yes,yes,yes,yes,4,3,4,2,3,4,12,12,12,11,0,5.2,0.33684210526315794,0.0,0.0,2.5,0.3,3.0,0.5,0.28421052631578947,🔴 Unsafe
GP,M,16,U,GT3,T,1,2,services,services,other,mother,1,1,0,no,yes,yes,yes,yes,yes,yes,yes,3,3,3,1,2,3,2,11,12,11,0,2.2,0.02105263157894738,0.0,0.0,1.5,0.10000000000000003,1.0,0.0,0.030263157894736853,🟢 Survivable
GP,M,16,U,LE3,T,2,1,other,other,course,mother,1,2,0,no,no,yes,yes,yes,yes,yes,yes,4,2,3,1,2,5,0,15,15,15,0,4.0,0.21052631578947367,0.0,0.0,1.5,0.10000000000000003,2.0,0.25,0.14013157894736844,🟡 Warning
GP,F,17,U,GT3,A,3,3,health,other,reputation,mother,1,2,0,no,yes,no,no,no,yes,yes,yes,3,3,3,1,3,3,6,8,7,9,1,4.6,0.27368421052631575,0.0,0.0,2.0,0.2,3.0,0.5,0.24342105263157893,🟡 Warning
GP,M,17,R,GT3,T,1,2,at_home,other,home,mother,1,2,0,no,no,no,no,yes,yes,no,no,3,1,3,1,5,3,4,8,9,10,0,4.4,0.25263157894736843,0.0,0.0,3.0,0.4000000000000001,2.0,0.25,0.2256578947368421,🟡 Warning
GP,F,16,U,GT3,T,2,3,services,services,course,mother,1,2,0,no,no,no,no,yes,yes,yes,no,4,3,3,1,1,2,10,11,12,13,0,5.0,0.3157894736842105,0.0,0.0,1.0,0.0,3.0,0.5,0.20394736842105263,🟡 Warning
GP,F,17,U,GT3,T,1,1,at_home,services,course,mother,1,2,0,no,no,no,yes,yes,yes,yes,no,5,3,3,1,1,3,0,8,8,9,1,4.0,0.21052631578947367,0.0,0.0,1.0,0.0,2.0,0.25,0.11513157894736842,🟢 Survivable
GP,M,17,U,GT3,T,1,2,at_home,services,other,other,2,2,0,no,no,yes,yes,no,yes,yes,no,4,4,4,4,5,5,12,7,8,8,1,5.2,0.33684210526315794,0.0,0.0,4.5,0.7,3.0,0.5,0.38421052631578945,🔴 Unsafe
GP,M,16,R,GT3,T,3,3,services,services,reputation,mother,1,1,0,no,yes,no,yes,yes,yes,yes,no,4,3,2,3,4,5,8,8,9,10,0,2.8,0.08421052631578946,0.0,0.0,3.5,0.5,2.0,0.25,0.20855263157894738,🟡 Warning
GP,M,16,U,GT3,T,2,3,other,other,home,father,2,1,0,no,no,no,no,yes,yes,yes,no,5,3,3,1,1,3,0,13,14,14,0,2.0,0.0,0.0,0.0,1.0,0.0,1.0,0.0,0.0,🟢 Survivable
GP,F,17,U,LE3,T,2,4,services,services,course,father,1,2,0,no,no,no,yes,yes,yes,yes,yes,4,3,2,1,1,5,0,14,15,15,0,4.0,0.21052631578947367,0.0,0.0,1.0,0.0,2.0,0.25,0.11513157894736842,🟢 Survivable
GP,M,17,U,GT3,T,4,4,services,teacher,home,mother,1,1,0,no,no,no,no,yes,yes,yes,no,5,2,3,1,2,5,4,17,15,16,0,2.4,0.0421052631578947,0.0,0.0,1.5,0.10000000000000003,1.0,0.0,0.035526315789473684,🟢 Survivable
GP,M,16,R,LE3,T,3,3,teacher,other,home,father,3,1,0,no,yes,yes,yes,yes,yes,yes,no,3,3,4,3,5,3,8,9,9,10,0,2.8,0.08421052631578946,0.0,0.0,4.0,0.6000000000000001,2.0,0.25,0.2335526315789474,🟡 Warning
GP,F,17,U,GT3,T,4,4,services,teacher,home,mother,2,1,1,no,yes,no,no,yes,yes,yes,no,4,2,4,2,3,2,24,18,18,18,0,4.4,0.25263157894736843,0.0,0.0,2.5,0.3,2.0,0.25,0.2006578947368421,🟡 Warning
GP,F,16,U,LE3,T,4,4,teacher,teacher,reputation,mother,1,2,0,no,yes,yes,no,yes,yes,yes,no,4,5,2,1,2,3,0,9,9,10,0,4.0,0.21052631578947367,0.0,0.0,1.5,0.10000000000000003,2.0,0.25,0.14013157894736844,🟡 Warning
GP,F,16,U,GT3,T,4,3,health,other,home,mother,1,2,0,no,yes,no,yes,yes,yes,yes,no,4,3,5,1,5,2,2,16,16,16,0,4.2,0.23157894736842105,0.0,0.0,3.0,0.4000000000000001,2.0,0.25,0.22039473684210528,🟡 Warning
GP,F,16,U,GT3,T,2,3,other,other,reputation,mother,1,2,0,yes,yes,yes,yes,yes,yes,no,no,4,4,3,1,3,4,6,8,10,10,0,4.6,0.27368421052631575,0.0,0.0,2.0,0.2,3.0,0.5,0.24342105263157893,🟡 Warning
GP,F,17,U,GT3,T,1,1,other,other,course,mother,1,2,0,no,yes,yes,no,no,yes,no,no,4,4,4,1,3,1,4,9,9,10,0,4.4,0.25263157894736843,0.0,0.0,2.0,0.2,2.0,0.25,0.17565789473684212,🟡 Warning
GP,F,17,R,GT3,T,2,2,other,other,reputation,mother,1,1,0,no,yes,no,no,yes,yes,yes,no,5,3,2,1,2,3,18,7,6,6,1,3.8,0.1894736842105263,0.0,0.0,1.5,0.10000000000000003,2.0,0.25,0.13486842105263158,🟢 Survivable
GP,F,16,R,GT3,T,2,2,services,services,reputation,mother,2,4,0,no,yes,yes,yes,no,yes,yes,no,5,3,5,1,1,5,6,10,10,11,0,8.6,0.6947368421052631,1.0,1.0,2.0,0.2,5.0,1.0,0.7236842105263157,🔴 Unsafe
GP,F,17,U,GT3,T,3,4,at_home,services,home,mother,1,3,1,no,yes,yes,no,yes,yes,yes,yes,4,4,3,3,4,5,28,10,9,9,1,8.8,0.7157894736842105,1.0,1.0,4.5,0.7,4.0,0.75,0.7914473684210526,🔴 Unsafe
GP,F,16,U,GT3,A,3,1,services,other,course,mother,1,2,3,no,yes,yes,no,yes,yes,yes,no,2,3,3,2,2,4,5,7,7,7,1,4.5,0.2631578947368421,0.0,0.0,2.0,0.2,2.0,0.25,0.17828947368421053,🟡 Warning
GP,F,16,U,GT3,T,4,3,teacher,other,other,mother,1,2,0,no,no,yes,yes,yes,yes,yes,yes,1,3,2,1,1,1,10,11,12,13,0,5.0,0.3157894736842105,0.0,0.0,1.0,0.0,3.0,0.5,0.20394736842105263,🟡 Warning
GP,F,16,U,GT3,T,1,1,at_home,other,home,mother,2,1,0,no,yes,yes,no,yes,yes,no,no,4,3,2,1,4,5,6,9,9,10,0,2.6,0.06315789473684214,0.0,0.0,2.5,0.3,2.0,0.25,0.15328947368421053,🟡 Warning
GP,F,17,R,GT3,T,4,3,teacher,other,reputation,mother,2,3,0,no,yes,yes,yes,yes,yes,yes,yes,4,4,2,1,1,4,6,7,7,7,1,6.6,0.4842105263157894,0.0,0.0,2.0,0.2,4.0,0.75,0.35855263157894735,🔴 Unsafe
GP,F,19,U,GT3,T,3,3,other,other,reputation,other,1,4,0,no,yes,yes,yes,yes,yes,yes,no,4,3,3,1,2,3,10,8,8,8,1,9.0,0.7368421052631579,1.0,1.0,2.5,0.3,5.0,1.0,0.7592105263157894,🔴 Unsafe
GP,M,17,U,LE3,T,4,4,services,other,home,mother,1,2,0,no,yes,yes,no,yes,yes,yes,yes,5,3,5,4,5,3,13,12,12,13,0,5.3,0.34736842105263155,0.0,0.0,4.5,0.7,3.0,0.5,0.3868421052631579,🔴 Unsafe
GP,F,16,U,GT3,A,2,2,other,other,reputation,mother,1,2,0,yes,yes,yes,no,yes,yes,yes,no,3,3,4,1,1,4,0,12,13,14,0,4.0,0.21052631578947367,0.0,0.0,1.0,0.0,2.0,0.25,0.11513157894736842,🟢 Survivable
GP,M,18,U,GT3,T,2,2,services,other,home,mother,1,2,1,no,yes,yes,yes,yes,yes,yes,no,4,4,4,2,4,5,15,6,7,8,1,5.5,0.368421052631579,0.0,0.0,3.0,0.4000000000000001,3.0,0.5,0.3171052631578948,🔴 Unsafe
GP,F,17,R,LE3,T,4,4,services,other,other,mother,1,1,0,no,yes,yes,no,yes,yes,no,no,5,2,1,1,2,3,12,8,10,10,0,3.2,0.12631578947368421,0.0,0.0,1.5,0.10000000000000003,2.0,0.25,0.11907894736842106,🟢 Survivable
GP,F,17,U,LE3,T,3,2,other,other,reputation,mother,2,2,0,no,no,yes,no,yes,yes,yes,no,4,4,4,1,3,1,2,14,15,15,0,4.2,0.23157894736842105,0.0,0.0,2.0,0.2,2.0,0.25,0.17039473684210527,🟡 Warning
GP,F,17,U,GT3,T,4,3,other,other,reputation,mother,1,2,2,no,no,yes,no,yes,yes,yes,yes,3,4,5,2,4,1,22,6,6,4,1,6.2,0.4421052631578948,0.0,0.0,3.0,0.4000000000000001,3.0,0.5,0.33552631578947373,🔴 Unsafe
GP,M,18,U,LE3,T,3,3,services,health,home,father,1,2,1,no,yes,yes,no,yes,yes,yes,no,3,2,4,2,4,4,13,6,6,8,1,5.3,0.34736842105263155,0.0,0.0,3.0,0.4000000000000001,3.0,0.5,0.3118421052631579,🔴 Unsafe
GP,F,17,U,GT3,T,2,3,at_home,other,home,father,2,1,0,no,yes,yes,no,yes,yes,no,no,3,3,3,1,4,3,3,7,7,8,1,2.3,0.03157894736842104,0.0,0.0,2.5,0.3,1.0,0.0,0.08289473684210526,🟢 Survivable
GP,F,17,U,GT3,T,2,2,at_home,at_home,course,mother,1,3,0,no,yes,yes,yes,yes,yes,yes,no,4,3,3,1,1,4,4,9,10,10,0,6.4,0.4631578947368421,1.0,1.0,2.0,0.2,3.0,0.5,0.5407894736842105,🔴 Unsafe
GP,F,17,R,GT3,T,2,1,at_home,services,reputation,mother,2,2,0,no,yes,no,yes,yes,yes,yes,no,4,2,5,1,2,5,2,6,6,6,1,4.2,0.23157894736842105,0.0,0.0,1.5,0.10000000000000003,2.0,0.25,0.14539473684210527,🟡 Warning
GP,F,17,U,GT3,T,1,1,at_home,other,reputation,mother,1,3,1,no,yes,no,yes,yes,yes,no,yes,4,3,4,1,1,5,0,6,5,0,1,6.0,0.42105263157894735,1.0,1.0,2.0,0.2,3.0,0.5,0.5302631578947368,🔴 Unsafe
GP,F,16,U,GT3,T,2,3,services,teacher,other,mother,1,2,0,yes,no,no,no,yes,yes,yes,no,2,3,1,1,1,3,2,16,16,17,0,4.2,0.23157894736842105,0.0,0.0,1.0,0.0,2.0,0.25,0.12039473684210526,🟢 Survivable
GP,M,18,U,GT3,T,2,2,other,other,home,mother,2,2,0,no,yes,yes,no,yes,yes,yes,no,3,3,3,5,5,4,0,12,13,13,0,4.0,0.21052631578947367,0.0,0.0,5.0,0.8,2.0,0.25,0.31513157894736843,🔴 Unsafe
GP,F,16,U,GT3,T,4,4,teacher,services,home,mother,1,3,0,no,yes,no,yes,no,yes,yes,no,5,3,2,1,1,5,0,13,13,14,0,6.0,0.42105263157894735,0.0,0.0,2.0,0.2,3.0,0.5,0.2802631578947368,🔴 Unsafe
GP,F,18,R,GT3,T,3,1,other,other,reputation,mother,1,2,1,no,no,no,yes,yes,yes,yes,yes,5,3,3,1,1,4,16,9,8,7,1,5.6,0.3789473684210526,0.0,0.0,1.0,0.0,3.0,0.5,0.21973684210526315,🟡 Warning
GP,F,17,U,GT3,T,3,2,other,other,course,mother,1,2,0,no,no,no,yes,no,yes,yes,no,5,3,4,1,3,3,10,16,15,15,0,5.0,0.3157894736842105,0.0,0.0,2.0,0.2,3.0,0.5,0.25394736842105264,🟡 Warning
GP,M,17,U,LE3,T,2,3,services,services,reputation,father,1,2,0,no,yes,yes,no,no,yes,yes,no,5,3,3,1,3,3,2,12,11,12,0,4.2,0.23157894736842105,0.0,0.0,2.0,0.2,2.0,0.25,0.17039473684210527,🟡 Warning
GP,M,18,U,LE3,T,2,1,at_home,other,course,mother,4,2,0,yes,yes,yes,yes,yes,yes,yes,yes,4,3,2,4,5,3,14,10,8,9,1,5.4,0.35789473684210527,0.0,0.0,4.5,0.7,3.0,0.5,0.3894736842105263,🔴 Unsafe
GP,F,17,U,GT3,A,2,1,other,other,course,mother,2,3,0,no,no,no,yes,yes,yes,yes,yes,3,2,3,1,2,3,10,12,10,12,0,7.0,0.5263157894736842,1.0,1.0,2.5,0.3,4.0,0.75,0.644078947368421,🔴 Unsafe
GP,F,17,U,LE3,T,4,3,health,other,reputation,father,1,2,0,no,no,no,yes,yes,yes,yes,yes,3,2,3,1,2,3,14,13,13,14,0,5.4,0.35789473684210527,0.0,0.0,1.5,0.10000000000000003,3.0,0.5,0.23947368421052634,🟡 Warning
GP,M,17,R,GT3,T,2,2,other,other,course,father,2,2,0,no,yes,yes,yes,yes,yes,yes,no,4,5,2,1,1,1,4,11,11,11,0,4.4,0.25263157894736843,0.0,0.0,1.0,0.0,2.0,0.25,0.1256578947368421,🟢 Survivable
GP,M,17,U,GT3,T,4,4,teacher,teacher,reputation,mother,1,2,0,yes,yes,no,yes,yes,yes,yes,yes,4,5,5,1,3,2,14,11,9,9,1,5.4,0.35789473684210527,0.0,0.0,2.0,0.2,3.0,0.5,0.2644736842105263,🟡 Warning
GP,M,16,U,GT3,T,4,4,health,other,reputation,father,1,2,0,no,yes,yes,yes,yes,yes,yes,no,4,2,4,2,4,1,2,14,13,13,0,4.2,0.23157894736842105,0.0,0.0,3.0,0.4000000000000001,2.0,0.25,0.22039473684210528,🟡 Warning
GP,M,16,U,LE3,T,1,1,other,other,home,mother,2,2,0,no,yes,yes,no,yes,yes,yes,no,3,4,2,1,1,5,18,9,7,6,1,5.8,0.3999999999999999,0.0,0.0,1.0,0.0,3.0,0.5,0.22499999999999998,🟡 Warning
GP,M,16,U,GT3,T,3,2,at_home,other,reputation,mother,2,3,0,no,no,no,yes,yes,yes,yes,yes,5,3,3,1,3,2,10,11,9,10,0,7.0,0.5263157894736842,1.0,1.0,3.0,0.4000000000000001,4.0,0.75,0.6690789473684211,🔴 Unsafe
GP,M,17,U,LE3,T,2,2,other,other,home,father,1,2,0,no,no,yes,yes,no,yes,yes,yes,4,4,2,5,5,4,4,14,13,13,0,4.4,0.25263157894736843,0.0,0.0,5.0,0.8,2.0,0.25,0.32565789473684215,🔴 Unsafe
GP,F,16,U,GT3,T,2,1,other,other,home,mother,1,1,0,no,no,no,no,yes,yes,yes,yes,4,5,2,1,1,5,20,13,12,12,0,4.0,0.21052631578947367,0.0,0.0,1.0,0.0,2.0,0.25,0.11513157894736842,🟢 Survivable
GP,F,17,R,GT3,T,2,1,at_home,services,course,mother,3,2,0,no,no,no,yes,yes,yes,no,no,2,1,1,1,1,3,2,13,11,11,0,4.2,0.23157894736842105,0.0,0.0,1.0,0.0,2.0,0.25,0.12039473684210526,🟢 Survivable
GP,M,18,U,GT3,T,2,2,other,services,reputation,father,1,2,1,no,no,no,no,yes,no,yes,no,5,5,4,3,5,2,0,7,7,0,1,4.0,0.21052631578947367,0.0,0.0,4.0,0.6000000000000001,2.0,0.25,0.26513157894736844,🔴 Unsafe
GP,M,17,U,LE3,T,4,3,health,other,course,mother,2,2,0,no,no,no,yes,yes,yes,yes,yes,2,5,5,1,4,5,14,12,12,12,0,5.4,0.35789473684210527,0.0,0.0,2.5,0.3,3.0,0.5,0.2894736842105263,🔴 Unsafe
GP,M,17,R,LE3,A,4,4,teacher,other,course,mother,2,2,0,no,yes,yes,no,yes,yes,yes,no,3,3,3,2,3,4,2,10,11,12,0,4.2,0.23157894736842105,0.0,0.0,2.5,0.3,2.0,0.25,0.19539473684210526,🟡 Warning
GP,M,16,U,LE3,T,4,3,teacher,other,course,mother,1,1,0,no,no,no,yes,no,yes,yes,no,5,4,5,1,1,3,0,6,0,0,1,2.0,0.0,0.0,0.0,1.0,0.0,1.0,0.0,0.0,🟢 Survivable
GP,M,16,U,GT3,T,4,4,services,services,course,mother,1,1,0,no,no,no,yes,yes,yes,yes,no,5,3,2,1,2,5,0,13,12,12,0,2.0,0.0,0.0,0.0,1.5,0.10000000000000003,1.0,0.0,0.02500000000000001,🟢 Survivable
GP,F,18,U,GT3,T,2,1,other,other,course,other,2,3,0,no,yes,yes,no,no,yes,yes,yes,4,4,4,1,1,3,0,7,0,0,1,6.0,0.42105263157894735,1.0,1.0,2.0,0.2,3.0,0.5,0.5302631578947368,🔴 Unsafe
GP,M,16,U,GT3,T,2,1,other,other,course,mother,3,1,0,no,no,no,no,yes,yes,yes,no,4,3,3,1,1,4,6,18,18,18,0,2.6,0.06315789473684214,0.0,0.0,1.0,0.0,2.0,0.25,0.07828947368421053,🟢 Survivable
GP,M,17,U,GT3,T,2,3,other,other,course,father,2,1,0,no,no,no,no,yes,yes,yes,no,5,2,2,1,1,2,4,12,12,13,0,2.4,0.0421052631578947,0.0,0.0,1.0,0.0,1.0,0.0,0.010526315789473675,🟢 Survivable
GP,M,22,U,GT3,T,3,1,services,services,other,mother,1,1,3,no,no,no,no,no,no,yes,yes,5,4,5,5,5,1,16,6,8,8,1,3.6,0.16842105263157897,0.0,0.0,5.0,0.8,2.0,0.25,0.30460526315789477,🔴 Unsafe
GP,M,18,R,LE3,T,3,3,other,services,course,mother,1,2,1,no,yes,no,no,yes,yes,yes,yes,4,3,3,1,3,5,8,3,5,5,1,4.8,0.2947368421052631,0.0,0.0,2.0,0.2,3.0,0.5,0.24868421052631579,🟡 Warning
GP,M,16,U,GT3,T,0,2,other,other,other,mother,1,1,0,no,no,yes,no,no,yes,yes,no,4,3,2,2,4,5,0,13,15,15,0,2.0,0.0,0.0,0.0,3.0,0.4000000000000001,1.0,0.0,0.10000000000000002,🟢 Survivable
GP,M,18,U,GT3,T,3,2,services,other,course,mother,2,1,1,no,no,no,no,yes,no,yes,no,4,4,5,2,4,5,0,6,8,8,1,2.0,0.0,0.0,0.0,3.0,0.4000000000000001,1.0,0.0,0.10000000000000002,🟢 Survivable
GP,M,16,U,GT3,T,3,3,at_home,other,reputation,other,3,2,0,yes,yes,no,no,no,yes,yes,no,5,3,3,1,3,2,6,7,10,10,0,4.6,0.27368421052631575,0.0,0.0,2.0,0.2,3.0,0.5,0.24342105263157893,🟡 Warning
GP,M,18,U,GT3,T,2,1,services,services,other,mother,1,1,1,no,no,no,no,no,no,yes,no,3,2,5,2,5,5,4,6,9,8,1,2.4,0.0421052631578947,0.0,0.0,3.5,0.5,1.0,0.0,0.13552631578947366,🟢 Survivable
GP,M,16,R,GT3,T,2,1,other,other,course,mother,2,1,0,no,no,no,yes,no,yes,no,no,3,3,2,1,3,3,0,8,9,8,1,2.0,0.0,0.0,0.0,2.0,0.2,1.0,0.0,0.05,🟢 Survivable
GP,M,17,R,GT3,T,2,1,other,other,course,mother,1,1,0,no,no,no,no,no,yes,yes,no,4,4,2,2,4,5,0,8,12,12,0,2.0,0.0,0.0,0.0,3.0,0.4000000000000001,1.0,0.0,0.10000000000000002,🟢 Survivable
GP,M,17,U,LE3,T,1,1,health,other,course,mother,2,1,1,no,yes,no,yes,yes,yes,yes,no,4,4,4,1,2,5,2,7,9,8,1,2.2,0.02105263157894738,0.0,0.0,1.5,0.10000000000000003,1.0,0.0,0.030263157894736853,🟢 Survivable
GP,F,17,U,LE3,T,4,2,teacher,services,reputation,mother,1,4,0,no,yes,yes,yes,yes,yes,yes,no,4,2,3,1,1,4,6,14,12,13,0,8.6,0.6947368421052631,1.0,1.0,2.0,0.2,5.0,1.0,0.7236842105263157,🔴 Unsafe
GP,M,19,U,LE3,A,4,3,services,at_home,reputation,mother,1,2,0,no,yes,no,no,yes,yes,yes,no,4,3,1,1,1,1,12,11,11,11,0,5.2,0.33684210526315794,0.0,0.0,1.0,0.0,3.0,0.5,0.20921052631578949,🟡 Warning
GP,M,18,U,GT3,T,2,1,other,other,home,mother,1,2,0,no,no,no,yes,yes,yes,yes,no,5,2,4,1,2,4,8,15,14,14,0,4.8,0.2947368421052631,0.0,0.0,1.5,0.10000000000000003,3.0,0.5,0.22368421052631576,🟡 Warning
GP,F,17,U,LE3,T,2,2,services,services,course,father,1,4,0,no,no,yes,yes,yes,yes,yes,yes,3,4,1,1,1,2,0,10,9,0,1,8.0,0.631578947368421,0.0,0.0,2.0,0.2,4.0,0.75,0.39539473684210524,🔴 Unsafe
GP,F,18,U,GT3,T,4,3,services,other,home,father,1,2,0,no,yes,yes,no,yes,yes,yes,yes,3,1,2,1,3,2,21,17,18,18,0,6.1,0.43157894736842095,0.0,0.0,2.0,0.2,3.0,0.5,0.28289473684210525,🔴 Unsafe
GP,M,18,U,GT3,T,4,3,teacher,other,course,mother,1,2,0,no,yes,yes,no,no,yes,yes,no,4,3,2,1,1,3,2,8,8,8,1,4.2,0.23157894736842105,0.0,0.0,1.0,0.0,2.0,0.25,0.12039473684210526,🟢 Survivable
GP,M,18,R,GT3,T,3,2,other,other,course,mother,1,3,0,no,no,no,yes,no,yes,no,no,5,3,2,1,1,3,1,13,12,12,0,6.1,0.43157894736842095,0.0,0.0,2.0,0.2,3.0,0.5,0.28289473684210525,🔴 Unsafe
GP,F,17,U,GT3,T,3,3,other,other,home,mother,1,3,0,no,no,no,yes,no,yes,no,no,3,2,3,1,1,4,4,10,9,9,1,6.4,0.4631578947368421,1.0,1.0,2.0,0.2,3.0,0.5,0.5407894736842105,🔴 Unsafe
GP,F,18,U,GT3,T,2,2,at_home,services,home,mother,1,3,0,no,yes,yes,yes,yes,yes,yes,yes,4,3,3,1,1,3,0,9,10,0,1,6.0,0.42105263157894735,1.0,1.0,2.0,0.2,3.0,0.5,0.5302631578947368,🔴 Unsafe
GP,M,18,R,LE3,A,3,4,other,other,reputation,mother,2,2,0,no,yes,yes,yes,yes,yes,yes,no,4,2,5,3,4,1,13,17,17,17,0,5.3,0.34736842105263155,0.0,0.0,3.5,0.5,3.0,0.5,0.3368421052631579,🔴 Unsafe
GP,M,17,U,GT3,T,3,1,services,other,other,mother,1,2,0,no,no,yes,yes,yes,yes,yes,yes,5,4,4,3,4,5,2,9,9,10,0,4.2,0.23157894736842105,0.0,0.0,3.5,0.5,2.0,0.25,0.24539473684210528,🟡 Warning
GP,F,18,R,GT3,T,4,4,teacher,other,reputation,mother,2,2,0,no,no,yes,yes,yes,yes,yes,no,4,3,4,2,2,4,8,12,10,11,0,4.8,0.2947368421052631,0.0,0.0,2.0,0.2,3.0,0.5,0.24868421052631579,🟡 Warning
GP,M,18,U,GT3,T,4,2,health,other,reputation,father,1,2,0,no,yes,yes,yes,yes,yes,yes,yes,5,4,5,1,3,5,10,10,9,10,0,5.0,0.3157894736842105,0.0,0.0,2.0,0.2,3.0,0.5,0.25394736842105264,🟡 Warning
GP,F,18,R,GT3,T,2,1,other,other,reputation,mother,2,2,0,no,yes,no,no,yes,no,yes,yes,4,3,5,1,2,3,0,6,0,0,1,4.0,0.21052631578947367,0.0,0.0,1.5,0.10000000000000003,2.0,0.25,0.14013157894736844,🟡 Warning
GP,F,19,U,GT3,T,3,3,other,services,home,other,1,2,2,no,yes,yes,yes,yes,yes,yes,no,4,3,5,3,3,5,15,9,9,9,1,5.5,0.368421052631579,0.0,0.0,3.0,0.4000000000000001,3.0,0.5,0.3171052631578948,🔴 Unsafe
GP,F,18,U,GT3,T,2,3,other,services,reputation,father,1,4,0,no,yes,yes,yes,yes,yes,yes,yes,4,5,5,1,3,2,4,15,14,14,0,8.4,0.6736842105263158,1.0,1.0,3.0,0.4000000000000001,4.0,0.75,0.7059210526315789,🔴 Unsafe
GP,F,18,U,LE3,T,1,1,other,other,home,mother,2,2,0,no,yes,yes,no,no,yes,no,no,4,4,3,1,1,3,2,11,11,11,0,4.2,0.23157894736842105,0.0,0.0,1.0,0.0,2.0,0.25,0.12039473684210526,🟢 Survivable
GP,M,17,R,GT3,T,1,2,at_home,at_home,home,mother,1,2,0,no,yes,yes,yes,no,yes,no,yes,3,5,2,2,2,1,2,15,14,14,0,4.2,0.23157894736842105,0.0,0.0,2.0,0.2,2.0,0.25,0.17039473684210527,🟡 Warning
GP,F,17,U,GT3,T,2,4,at_home,health,reputation,mother,2,2,0,no,yes,yes,no,yes,yes,yes,yes,4,3,3,1,1,1,2,10,10,10,0,4.2,0.23157894736842105,0.0,0.0,1.0,0.0,2.0,0.25,0.12039473684210526,🟢 Survivable
GP,F,17,U,LE3,T,2,2,services,other,course,mother,2,2,0,yes,yes,yes,no,yes,yes,yes,yes,4,4,4,2,3,5,6,12,12,12,0,4.6,0.27368421052631575,0.0,0.0,2.5,0.3,3.0,0.5,0.26842105263157895,🔴 Unsafe
GP,F,18,R,GT3,A,3,2,other,services,home,mother,2,2,0,no,no,no,no,no,no,yes,yes,4,1,1,1,1,5,75,10,9,9,1,11.5,1.0,0.0,0.0,1.0,0.0,3.0,0.5,0.375,🔴 Unsafe
GP,M,18,U,GT3,T,4,4,teacher,services,home,mother,2,1,0,no,no,yes,yes,yes,yes,yes,no,3,2,4,1,4,3,22,9,9,9,1,4.2,0.23157894736842105,0.0,0.0,2.5,0.3,2.0,0.25,0.19539473684210526,🟡 Warning
GP,F,18,U,GT3,T,4,4,health,health,reputation,father,1,2,1,yes,yes,no,yes,yes,yes,yes,yes,2,4,4,1,1,4,15,9,8,8,1,5.5,0.368421052631579,0.0,0.0,1.0,0.0,3.0,0.5,0.21710526315789475,🟡 Warning
GP,M,18,U,LE3,T,4,3,teacher,services,course,mother,2,1,0,no,no,yes,yes,yes,yes,yes,no,4,2,3,1,2,1,8,10,11,10,0,2.8,0.08421052631578946,0.0,0.0,1.5,0.10000000000000003,2.0,0.25,0.10855263157894737,🟢 Survivable
GP,M,17,U,LE3,A,4,1,services,other,home,mother,2,1,0,no,no,yes,yes,yes,yes,yes,yes,4,5,4,2,4,5,30,8,8,8,1,5.0,0.3157894736842105,0.0,0.0,3.0,0.4000000000000001,2.0,0.25,0.24144736842105263,🟡 Warning
GP,M,17,U,LE3,A,3,2,teacher,services,home,mother,1,1,1,no,no,no,no,yes,yes,yes,no,4,4,4,3,4,3,19,11,9,10,0,3.9000000000000004,0.2,0.0,0.0,3.5,0.5,2.0,0.25,0.2375,🟡 Warning
GP,F,18,R,LE3,T,1,1,at_home,other,reputation,mother,2,4,0,no,yes,yes,yes,yes,yes,no,no,5,2,2,1,1,3,1,12,12,12,0,8.1,0.6421052631578946,0.0,0.0,2.0,0.2,4.0,0.75,0.3980263157894737,🔴 Unsafe
GP,F,18,U,GT3,T,1,1,other,other,home,mother,2,2,0,yes,no,no,yes,yes,yes,yes,no,5,4,4,1,1,4,4,8,9,10,0,4.4,0.25263157894736843,0.0,0.0,1.0,0.0,2.0,0.25,0.1256578947368421,🟢 Survivable
GP,F,17,U,GT3,T,2,2,other,other,course,mother,1,2,0,no,yes,no,no,no,yes,yes,no,5,4,5,1,2,5,4,10,9,11,0,4.4,0.25263157894736843,0.0,0.0,1.5,0.10000000000000003,2.0,0.25,0.1506578947368421,🟡 Warning
GP,M,17,U,GT3,T,1,1,other,other,reputation,father,1,2,0,no,no,yes,no,no,yes,yes,no,4,3,3,1,2,4,2,12,10,11,0,4.2,0.23157894736842105,0.0,0.0,1.5,0.10000000000000003,2.0,0.25,0.14539473684210527,🟡 Warning
GP,F,18,U,GT3,T,2,2,at_home,at_home,other,mother,1,3,0,no,yes,yes,no,yes,yes,yes,no,4,3,3,1,2,2,5,18,18,19,0,6.5,0.4736842105263157,1.0,1.0,2.5,0.3,3.0,0.5,0.5684210526315789,🔴 Unsafe
GP,F,17,U,GT3,T,1,1,services,teacher,reputation,mother,1,3,0,no,yes,yes,no,yes,yes,yes,no,4,3,3,1,1,3,6,13,12,12,0,6.6,0.4842105263157894,1.0,1.0,2.0,0.2,4.0,0.75,0.6085526315789473,🔴 Unsafe
GP,M,18,U,GT3,T,2,1,services,services,reputation,mother,1,3,0,no,no,yes,yes,yes,yes,yes,no,4,2,4,1,3,2,6,15,14,14,0,6.6,0.4842105263157894,1.0,1.0,3.0,0.4000000000000001,4.0,0.75,0.6585526315789474,🔴 Unsafe
GP,M,18,U,LE3,A,4,4,teacher,teacher,reputation,mother,1,2,0,no,yes,yes,yes,yes,yes,yes,no,5,4,3,1,1,2,9,15,13,15,0,4.9,0.3052631578947369,0.0,0.0,1.0,0.0,3.0,0.5,0.20131578947368423,🟡 Warning
GP,M,18,U,GT3,T,4,2,teacher,other,home,mother,1,2,0,no,yes,yes,yes,yes,yes,yes,yes,4,3,2,1,4,5,11,12,11,11,0,5.1,0.3263157894736841,0.0,0.0,2.5,0.3,3.0,0.5,0.28157894736842104,🔴 Unsafe
GP,F,17,U,GT3,T,4,3,health,services,reputation,mother,1,3,0,no,yes,yes,no,yes,yes,yes,no,4,2,2,1,2,3,0,15,15,15,0,6.0,0.42105263157894735,0.0,0.0,2.5,0.3,3.0,0.5,0.30526315789473685,🔴 Unsafe
GP,F,18,U,LE3,T,2,1,services,at_home,reputation,mother,1,2,1,no,no,no,no,yes,yes,yes,yes,5,4,3,1,1,5,12,12,12,13,0,5.2,0.33684210526315794,0.0,0.0,1.0,0.0,3.0,0.5,0.20921052631578949,🟡 Warning
GP,F,17,R,LE3,T,3,1,services,other,reputation,mother,2,4,0,no,yes,yes,no,yes,yes,no,no,3,1,2,1,1,3,6,18,18,18,0,8.6,0.6947368421052631,0.0,0.0,2.0,0.2,5.0,1.0,0.47368421052631576,🔴 Unsafe
GP,M,18,R,LE3,T,3,2,services,other,reputation,mother,2,3,0,no,yes,yes,yes,yes,yes,yes,no,5,4,2,1,1,4,8,14,13,14,0,6.8,0.5052631578947367,0.0,0.0,2.0,0.2,4.0,0.75,0.3638157894736842,🔴 Unsafe
GP,M,17,U,GT3,T,3,3,health,other,home,mother,1,1,0,no,yes,yes,no,yes,yes,yes,no,4,4,3,1,3,5,4,14,12,11,0,2.4,0.0421052631578947,0.0,0.0,2.0,0.2,1.0,0.0,0.06052631578947368,🟢 Survivable
GP,F,19,U,GT3,T,4,4,health,other,reputation,other,2,2,0,no,yes,yes,yes,yes,yes,yes,no,2,3,4,2,3,2,0,10,9,0,1,4.0,0.21052631578947367,0.0,0.0,2.5,0.3,2.0,0.25,0.19013157894736843,🟡 Warning
GP,F,18,U,LE3,T,4,3,other,other,home,other,2,2,0,no,yes,yes,no,yes,yes,yes,yes,4,4,5,1,2,2,10,10,8,8,1,5.0,0.3157894736842105,0.0,0.0,1.5,0.10000000000000003,3.0,0.5,0.22894736842105262,🟡 Warning
GP,F,18,U,GT3,T,4,3,other,other,reputation,father,1,4,0,no,yes,yes,no,yes,yes,yes,no,4,3,3,1,1,3,0,14,13,14,0,8.0,0.631578947368421,1.0,1.0,2.0,0.2,4.0,0.75,0.6453947368421052,🔴 Unsafe
GP,M,18,U,LE3,T,4,4,teacher,teacher,home,mother,1,1,0,no,yes,yes,no,yes,yes,yes,yes,1,4,2,2,2,1,5,16,15,16,0,2.5,0.05263157894736842,0.0,0.0,2.0,0.2,1.0,0.0,0.06315789473684211,🟢 Survivable
GP,F,18,U,LE3,A,4,4,health,other,home,mother,1,2,0,no,yes,no,no,yes,yes,yes,yes,4,2,4,1,1,4,14,12,10,11,0,5.4,0.35789473684210527,0.0,0.0,1.0,0.0,3.0,0.5,0.21447368421052632,🟡 Warning
GP,M,17,U,LE3,T,4,4,other,teacher,home,father,2,1,0,no,no,yes,no,yes,yes,yes,no,4,1,1,2,2,5,0,11,11,10,0,2.0,0.0,0.0,0.0,2.0,0.2,1.0,0.0,0.05,🟢 Survivable
GP,F,17,U,GT3,T,4,2,other,other,reputation,mother,2,3,0,no,yes,yes,no,yes,yes,yes,no,4,3,3,1,1,3,0,15,12,14,0,6.0,0.42105263157894735,1.0,1.0,2.0,0.2,3.0,0.5,0.5302631578947368,🔴 Unsafe
GP,F,17,U,GT3,T,3,2,health,health,reputation,father,1,4,0,no,yes,yes,yes,no,yes,yes,no,5,2,2,1,2,5,0,17,17,18,0,8.0,0.631578947368421,0.0,0.0,2.5,0.3,4.0,0.75,0.42039473684210527,🔴 Unsafe
GP,M,19,U,GT3,T,3,3,other,other,home,other,1,2,1,no,yes,no,yes,yes,yes,yes,yes,4,4,4,1,1,3,20,15,14,13,0,6.0,0.42105263157894735,0.0,0.0,1.0,0.0,3.0,0.5,0.23026315789473684,🟡 Warning
GP,F,18,U,GT3,T,2,4,services,at_home,reputation,other,1,2,1,no,yes,yes,yes,yes,yes,yes,no,4,4,3,1,1,3,8,14,12,12,0,4.8,0.2947368421052631,0.0,0.0,1.0,0.0,3.0,0.5,0.19868421052631577,🟡 Warning
GP,M,20,U,GT3,A,3,2,services,other,course,other,1,1,0,no,no,no,yes,yes,yes,no,no,5,5,3,1,1,5,0,17,18,18,0,2.0,0.0,0.0,0.0,1.0,0.0,1.0,0.0,0.0,🟢 Survivable
GP,M,19,U,GT3,T,4,4,teacher,services,reputation,other,2,1,1,no,yes,yes,no,yes,yes,yes,yes,4,3,4,1,1,4,38,8,9,8,1,5.800000000000001,0.4,0.0,0.0,1.0,0.0,2.0,0.25,0.1625,🟡 Warning
GP,M,19,R,GT3,T,3,3,other,services,reputation,father,1,2,1,no,no,no,yes,yes,yes,no,yes,4,5,3,1,2,5,0,15,12,12,0,4.0,0.21052631578947367,0.0,0.0,1.5,0.10000000000000003,2.0,0.25,0.14013157894736844,🟡 Warning
GP,F,19,U,LE3,T,1,1,at_home,other,reputation,other,1,2,1,yes,yes,no,yes,no,yes,yes,no,4,4,3,1,3,3,18,12,10,10,0,5.8,0.3999999999999999,0.0,0.0,2.0,0.2,3.0,0.5,0.27499999999999997,🔴 Unsafe
GP,F,19,U,LE3,T,1,2,services,services,home,other,1,2,1,no,no,no,yes,no,yes,no,yes,4,2,4,2,2,3,0,9,9,0,1,4.0,0.21052631578947367,0.0,0.0,2.0,0.2,2.0,0.25,0.1651315789473684,🟡 Warning
GP,F,19,U,GT3,T,2,1,at_home,other,other,other,3,2,0,no,yes,no,no,yes,no,yes,yes,3,4,1,1,1,2,20,14,12,13,0,6.0,0.42105263157894735,0.0,0.0,1.0,0.0,3.0,0.5,0.23026315789473684,🟡 Warning
GP,M,19,U,GT3,T,1,2,other,services,course,other,1,2,1,no,no,no,no,no,yes,yes,no,4,5,2,2,2,4,3,13,11,11,0,4.3,0.2421052631578947,0.0,0.0,2.0,0.2,2.0,0.25,0.1730263157894737,🟡 Warning
GP,F,19,U,LE3,T,3,2,services,other,reputation,other,2,2,1,no,yes,yes,no,no,yes,yes,yes,4,2,2,1,2,1,22,13,10,11,0,6.2,0.4421052631578948,0.0,0.0,1.5,0.10000000000000003,3.0,0.5,0.2605263157894737,🟡 Warning
GP,F,19,U,GT3,T,1,1,at_home,health,home,other,1,3,2,no,no,no,no,no,yes,yes,yes,4,1,2,1,1,3,14,15,13,13,0,7.4,0.5684210526315789,0.0,0.0,2.0,0.2,4.0,0.75,0.3796052631578947,🔴 Unsafe
GP,F,19,R,GT3,T,2,3,other,other,reputation,other,1,3,1,no,no,no,no,yes,yes,yes,yes,4,1,2,1,1,3,40,13,11,11,0,10.0,0.8421052631578947,0.0,0.0,2.0,0.2,4.0,0.75,0.44802631578947366,🔴 Unsafe
GP,F,18,U,GT3,T,2,1,services,other,course,mother,2,2,0,no,yes,yes,yes,yes,yes,yes,no,5,3,3,1,2,1,0,8,8,0,1,4.0,0.21052631578947367,0.0,0.0,1.5,0.10000000000000003,2.0,0.25,0.14013157894736844,🟡 Warning
GP,F,18,U,GT3,T,4,3,other,other,course,mother,1,3,0,no,yes,yes,yes,yes,yes,yes,yes,4,3,4,1,1,5,9,9,10,9,1,6.9,0.5157894736842106,1.0,1.0,2.0,0.2,4.0,0.75,0.6164473684210526,🔴 Unsafe
GP,F,17,R,GT3,T,3,4,at_home,services,course,father,1,3,0,no,yes,yes,yes,no,yes,yes,no,4,3,4,2,5,5,0,11,11,10,0,6.0,0.42105263157894735,1.0,1.0,4.5,0.7,3.0,0.5,0.6552631578947368,🔴 Unsafe
GP,F,18,U,GT3,T,4,4,teacher,other,course,mother,1,2,0,no,yes,yes,no,yes,yes,yes,no,4,4,4,3,3,5,2,11,11,11,0,4.2,0.23157894736842105,0.0,0.0,3.0,0.4000000000000001,2.0,0.25,0.22039473684210528,🟡 Warning
GP,F,17,U,GT3,A,4,3,services,services,course,mother,1,2,0,no,yes,yes,no,yes,yes,yes,yes,5,2,2,1,2,5,23,13,13,13,0,6.300000000000001,0.4526315789473685,0.0,0.0,1.5,0.10000000000000003,3.0,0.5,0.26315789473684215,🟡 Warning
GP,F,17,U,GT3,T,2,2,other,other,course,mother,1,2,0,no,yes,no,no,yes,yes,no,yes,4,2,2,1,1,3,12,11,9,9,1,5.2,0.33684210526315794,0.0,0.0,1.0,0.0,3.0,0.5,0.20921052631578949,🟡 Warning
GP,F,17,R,LE3,T,2,2,services,services,course,mother,1,3,0,no,yes,yes,yes,yes,yes,yes,no,3,3,2,2,2,3,3,11,11,11,0,6.3,0.4526315789473684,0.0,0.0,3.0,0.4000000000000001,3.0,0.5,0.3381578947368421,🔴 Unsafe
GP,F,17,U,GT3,T,3,1,services,services,course,father,1,3,0,no,yes,no,no,no,yes,yes,no,3,4,3,2,3,5,1,12,14,15,0,6.1,0.43157894736842095,1.0,1.0,3.5,0.5,3.0,0.5,0.6078947368421053,🔴 Unsafe
GP,F,17,U,LE3,T,0,2,at_home,at_home,home,father,2,3,0,no,no,no,no,yes,yes,yes,no,3,3,3,2,3,2,0,16,15,15,0,6.0,0.42105263157894735,1.0,1.0,3.5,0.5,3.0,0.5,0.6052631578947368,🔴 Unsafe
GP,M,18,U,GT3,T,4,4,other,other,course,mother,1,3,0,no,no,no,yes,yes,yes,yes,no,4,3,3,2,2,3,3,9,12,11,0,6.3,0.4526315789473684,1.0,1.0,3.0,0.4000000000000001,3.0,0.5,0.5881578947368422,🔴 Unsafe
GP,M,17,U,GT3,T,3,3,other,services,reputation,mother,1,1,0,no,no,no,yes,no,yes,yes,no,4,3,5,3,5,5,3,14,15,16,0,2.3,0.03157894736842104,0.0,0.0,4.0,0.6000000000000001,1.0,0.0,0.15789473684210528,🟡 Warning
GP,M,17,R,GT3,T,2,2,services,other,course,mother,4,1,0,no,yes,no,no,yes,yes,yes,no,4,4,5,5,5,4,8,11,10,10,0,2.8,0.08421052631578946,0.0,0.0,5.0,0.8,2.0,0.25,0.2835526315789474,🔴 Unsafe
GP,F,17,U,GT3,T,4,4,teacher,services,course,mother,1,3,0,no,yes,yes,yes,yes,yes,yes,no,5,4,4,1,3,4,7,10,9,9,1,6.7,0.49473684210526314,1.0,1.0,3.0,0.4000000000000001,4.0,0.75,0.6611842105263158,🔴 Unsafe
GP,F,17,U,GT3,T,4,4,teacher,teacher,course,mother,2,3,0,no,yes,yes,no,no,yes,yes,yes,4,3,3,1,2,4,4,14,14,14,0,6.4,0.4631578947368421,1.0,1.0,2.5,0.3,3.0,0.5,0.5657894736842106,🔴 Unsafe
GP,M,18,U,LE3,T,2,2,other,other,course,mother,1,4,0,no,yes,no,yes,yes,yes,yes,no,4,5,5,2,4,5,2,9,8,8,1,8.2,0.6526315789473683,1.0,1.0,4.0,0.6000000000000001,4.0,0.75,0.7506578947368421,🔴 Unsafe
GP,F,17,R,GT3,T,2,4,at_home,other,course,father,1,3,0,no,yes,no,no,yes,yes,yes,yes,4,4,3,1,1,5,7,12,14,14,0,6.7,0.49473684210526314,1.0,1.0,2.0,0.2,4.0,0.75,0.6111842105263158,🔴 Unsafe
GP,F,18,U,GT3,T,3,3,services,services,home,mother,1,2,0,no,no,no,yes,yes,yes,yes,no,5,3,4,1,1,4,0,7,0,0,1,4.0,0.21052631578947367,0.0,0.0,1.0,0.0,2.0,0.25,0.11513157894736842,🟢 Survivable
GP,F,18,U,LE3,T,2,2,other,other,home,other,1,2,0,no,no,no,yes,no,yes,yes,yes,4,3,3,1,1,2,0,8,8,0,1,4.0,0.21052631578947367,0.0,0.0,1.0,0.0,2.0,0.25,0.11513157894736842,🟢 Survivable
GP,F,18,R,GT3,T,2,2,at_home,other,course,mother,2,4,0,no,no,no,yes,yes,yes,no,no,4,4,4,1,1,4,0,10,9,0,1,8.0,0.631578947368421,1.0,1.0,2.0,0.2,4.0,0.75,0.6453947368421052,🔴 Unsafe
GP,F,17,U,GT3,T,3,4,services,other,course,mother,1,3,0,no,no,no,no,yes,yes,yes,no,4,4,5,1,3,5,16,16,15,15,0,7.6,0.5894736842105263,1.0,1.0,3.0,0.4000000000000001,4.0,0.75,0.6848684210526317,🔴 Unsafe
GP,F,19,R,GT3,A,3,1,services,at_home,home,other,1,3,1,no,no,yes,no,yes,yes,no,no,5,4,3,1,2,5,12,14,13,13,0,7.2,0.5473684210526316,1.0,1.0,2.5,0.3,4.0,0.75,0.6493421052631578,🔴 Unsafe
GP,F,17,U,GT3,T,3,2,other,other,home,mother,1,2,0,no,yes,yes,no,yes,yes,yes,yes,4,3,2,2,3,2,0,7,8,0,1,4.0,0.21052631578947367,0.0,0.0,2.5,0.3,2.0,0.25,0.19013157894736843,🟡 Warning
GP,F,18,U,LE3,T,3,3,services,services,home,mother,1,4,0,no,yes,no,no,yes,yes,yes,no,5,3,3,1,1,1,7,16,15,17,0,8.7,0.7052631578947367,1.0,1.0,2.0,0.2,5.0,1.0,0.7263157894736842,🔴 Unsafe
GP,F,17,R,GT3,A,3,2,other,other,home,mother,1,2,0,no,yes,yes,no,yes,yes,yes,no,4,3,3,2,3,2,4,9,10,10,0,4.4,0.25263157894736843,0.0,0.0,2.5,0.3,2.0,0.25,0.2006578947368421,🟡 Warning
GP,F,19,U,GT3,T,2,1,services,services,home,other,1,3,1,no,no,yes,yes,yes,yes,yes,yes,4,3,4,1,3,3,4,11,12,11,0,6.4,0.4631578947368421,1.0,1.0,3.0,0.4000000000000001,3.0,0.5,0.5907894736842105,🔴 Unsafe
GP,M,18,U,GT3,T,4,4,teacher,services,home,father,1,2,1,no,yes,no,yes,yes,yes,yes,no,4,3,3,2,2,2,0,10,10,0,1,4.0,0.21052631578947367,0.0,0.0,2.0,0.2,2.0,0.25,0.1651315789473684,🟡 Warning
GP,M,18,U,LE3,T,3,4,services,other,home,mother,1,2,0,no,no,no,yes,yes,yes,yes,yes,4,3,3,1,3,5,11,16,15,15,0,5.1,0.3263157894736841,0.0,0.0,2.0,0.2,3.0,0.5,0.256578947368421,🟡 Warning
GP,F,17,U,GT3,A,2,2,at_home,at_home,home,father,1,2,1,no,yes,no,no,yes,yes,yes,yes,3,3,1,1,2,4,0,9,8,0,1,4.0,0.21052631578947367,0.0,0.0,1.5,0.10000000000000003,2.0,0.25,0.14013157894736844,🟡 Warning
GP,F,18,U,GT3,T,2,3,at_home,other,course,mother,1,3,0,no,yes,no,no,yes,yes,yes,no,4,3,3,1,2,3,4,11,10,10,0,6.4,0.4631578947368421,1.0,1.0,2.5,0.3,3.0,0.5,0.5657894736842106,🔴 Unsafe
GP,F,18,U,GT3,T,3,2,other,services,other,mother,1,3,0,no,no,no,no,yes,yes,yes,yes,5,4,3,2,3,1,7,13,13,14,0,6.7,0.49473684210526314,1.0,1.0,3.5,0.5,4.0,0.75,0.6861842105263158,🔴 Unsafe
GP,M,18,R,GT3,T,4,3,teacher,services,course,mother,1,3,0,no,no,no,no,yes,yes,yes,yes,5,3,2,1,2,4,9,16,15,16,0,6.9,0.5157894736842106,0.0,0.0,2.5,0.3,4.0,0.75,0.39144736842105265,🔴 Unsafe
GP,M,18,U,GT3,T,4,3,teacher,other,course,mother,1,3,0,no,yes,yes,no,yes,yes,yes,yes,5,4,5,2,3,5,0,10,10,9,1,6.0,0.42105263157894735,1.0,1.0,3.5,0.5,3.0,0.5,0.6052631578947368,🔴 Unsafe
GP,F,17,U,GT3,T,4,3,health,other,reputation,mother,1,3,0,no,yes,yes,yes,yes,yes,yes,yes,4,4,3,1,3,4,0,13,15,15,0,6.0,0.42105263157894735,1.0,1.0,3.0,0.4000000000000001,3.0,0.5,0.5802631578947368,🔴 Unsafe
MS,M,18,R,GT3,T,3,2,other,other,course,mother,2,1,1,no,yes,no,no,no,yes,yes,no,2,5,5,5,5,5,10,11,13,13,0,3.0,0.10526315789473684,0.0,0.0,5.0,0.8,2.0,0.25,0.28881578947368425,🔴 Unsafe
MS,M,19,R,GT3,T,1,1,other,services,home,other,3,2,3,no,no,no,no,yes,yes,yes,no,5,4,4,3,3,2,8,8,7,8,1,4.8,0.2947368421052631,0.0,0.0,3.0,0.4000000000000001,3.0,0.5,0.2986842105263158,🔴 Unsafe
MS,M,17,U,GT3,T,3,3,health,other,course,mother,2,2,0,no,yes,yes,no,yes,yes,yes,no,4,5,4,2,3,3,2,13,13,13,0,4.2,0.23157894736842105,0.0,0.0,2.5,0.3,2.0,0.25,0.19539473684210526,🟡 Warning
MS,M,18,U,LE3,T,1,3,at_home,services,course,mother,1,1,1,no,no,no,no,yes,no,yes,yes,4,3,3,2,3,3,7,8,7,8,1,2.7,0.0736842105263158,0.0,0.0,2.5,0.3,2.0,0.25,0.15592105263157896,🟡 Warning
MS,M,19,R,GT3,T,1,1,other,other,home,other,3,1,1,no,yes,no,no,yes,yes,yes,no,4,4,4,3,3,5,4,8,8,8,1,2.4,0.0421052631578947,0.0,0.0,3.0,0.4000000000000001,1.0,0.0,0.1105263157894737,🟢 Survivable
MS,M,17,R,GT3,T,4,3,services,other,home,mother,2,2,0,no,yes,yes,yes,no,yes,yes,yes,4,5,5,1,3,2,4,13,11,11,0,4.4,0.25263157894736843,0.0,0.0,2.0,0.2,2.0,0.25,0.17565789473684212,🟡 Warning
MS,F,18,U,GT3,T,3,3,services,services,course,father,1,2,0,no,yes,no,no,yes,yes,no,yes,5,3,4,1,1,5,0,10,9,9,1,4.0,0.21052631578947367,0.0,0.0,1.0,0.0,2.0,0.25,0.11513157894736842,🟢 Survivable
MS,F,17,R,GT3,T,4,4,teacher,services,other,father,2,2,0,no,yes,yes,yes,yes,yes,yes,no,4,3,3,1,2,5,4,12,13,13,0,4.4,0.25263157894736843,0.0,0.0,1.5,0.10000000000000003,2.0,0.25,0.1506578947368421,🟡 Warning
MS,F,17,U,LE3,A,3,2,services,other,reputation,mother,2,2,0,no,no,no,no,yes,yes,no,yes,1,2,3,1,2,5,2,12,12,11,0,4.2,0.23157894736842105,0.0,0.0,1.5,0.10000000000000003,2.0,0.25,0.14539473684210527,🟡 Warning
MS,M,18,U,LE3,T,1,1,other,services,home,father,2,1,0,no,no,no,no,no,yes,yes,yes,3,3,2,1,2,3,4,10,10,10,0,2.4,0.0421052631578947,0.0,0.0,1.5,0.10000000000000003,1.0,0.0,0.035526315789473684,🟢 Survivable
MS,F,18,U,LE3,T,1,1,at_home,services,course,father,2,3,0,no,no,no,no,yes,yes,yes,no,5,3,2,1,1,4,0,18,16,16,0,6.0,0.42105263157894735,0.0,0.0,2.0,0.2,3.0,0.5,0.2802631578947368,🔴 Unsafe
MS,F,18,R,LE3,A,1,4,at_home,other,course,mother,3,2,0,no,no,no,no,yes,yes,no,yes,4,3,4,1,4,5,0,13,13,13,0,4.0,0.21052631578947367,0.0,0.0,2.5,0.3,2.0,0.25,0.19013157894736843,🟡 Warning
MS,M,18,R,LE3,T,1,1,at_home,other,other,mother,2,2,1,no,no,no,yes,no,no,no,no,4,4,3,2,3,5,2,13,12,12,0,4.2,0.23157894736842105,0.0,0.0,2.5,0.3,2.0,0.25,0.19539473684210526,🟡 Warning
MS,F,18,U,GT3,T,3,3,services,services,other,mother,2,2,0,no,yes,no,no,yes,yes,yes,yes,4,3,2,1,3,3,0,11,11,10,0,4.0,0.21052631578947367,0.0,0.0,2.0,0.2,2.0,0.25,0.1651315789473684,🟡 Warning
MS,F,17,U,LE3,T,4,4,at_home,at_home,course,mother,1,2,0,no,yes,yes,yes,yes,yes,yes,yes,2,3,4,1,1,1,0,16,15,15,0,4.0,0.21052631578947367,0.0,0.0,1.0,0.0,2.0,0.25,0.11513157894736842,🟢 Survivable
MS,F,17,R,GT3,T,1,2,other,services,course,father,2,2,0,no,no,no,no,no,yes,no,no,3,2,2,1,2,3,0,12,11,12,0,4.0,0.21052631578947367,0.0,0.0,1.5,0.10000000000000003,2.0,0.25,0.14013157894736844,🟡 Warning
MS,M,18,R,GT3,T,1,3,at_home,other,course,mother,2,2,0,no,yes,yes,no,yes,yes,no,no,3,3,4,2,4,3,4,10,10,10,0,4.4,0.25263157894736843,0.0,0.0,3.0,0.4000000000000001,2.0,0.25,0.2256578947368421,🟡 Warning
MS,M,18,U,LE3,T,4,4,teacher,services,other,mother,2,3,0,no,no,yes,no,yes,yes,yes,yes,4,2,2,2,2,5,0,13,13,13,0,6.0,0.42105263157894735,0.0,0.0,3.0,0.4000000000000001,3.0,0.5,0.33026315789473687,🔴 Unsafe
MS,F,17,R,GT3,T,1,1,other,services,reputation,mother,3,1,1,no,yes,yes,no,yes,yes,yes,yes,5,2,1,1,2,1,0,7,6,0,1,2.0,0.0,0.0,0.0,1.5,0.10000000000000003,1.0,0.0,0.02500000000000001,🟢 Survivable
MS,F,18,U,GT3,T,2,3,at_home,services,course,father,2,1,0,no,yes,yes,no,yes,yes,yes,yes,5,2,3,1,2,4,0,11,10,10,0,2.0,0.0,0.0,0.0,1.5,0.10000000000000003,1.0,0.0,0.02500000000000001,🟢 Survivable
MS,F,18,R,GT3,T,4,4,other,teacher,other,father,3,2,0,no,yes,yes,no,no,yes,yes,yes,3,2,2,4,2,5,10,14,12,11,0,5.0,0.3157894736842105,0.0,0.0,3.0,0.4000000000000001,3.0,0.5,0.30394736842105263,🔴 Unsafe
MS,F,19,U,LE3,T,3,2,services,services,home,other,2,2,2,no,no,no,yes,yes,yes,no,yes,3,2,2,1,1,3,4,7,7,9,1,4.4,0.25263157894736843,0.0,0.0,1.0,0.0,2.0,0.25,0.1256578947368421,🟢 Survivable
MS,M,18,R,LE3,T,1,2,at_home,services,other,father,3,1,0,no,yes,yes,yes,yes,no,yes,yes,4,3,3,2,3,3,3,14,12,12,0,2.3,0.03157894736842104,0.0,0.0,2.5,0.3,1.0,0.0,0.08289473684210526,🟢 Survivable
MS,F,17,U,GT3,T,2,2,other,at_home,home,mother,1,3,0,no,no,no,yes,yes,yes,no,yes,3,4,3,1,1,3,8,13,11,11,0,6.8,0.5052631578947367,1.0,1.0,2.0,0.2,4.0,0.75,0.6138157894736842,🔴 Unsafe
MS,F,17,R,GT3,T,1,2,other,other,course,mother,1,1,0,no,no,no,yes,yes,yes,yes,no,3,5,5,1,3,1,14,6,5,5,1,3.4000000000000004,0.1473684210526316,0.0,0.0,2.0,0.2,2.0,0.25,0.1493421052631579,🟡 Warning
MS,F,18,R,LE3,T,4,4,other,other,reputation,mother,2,3,0,no,no,no,no,yes,yes,yes,no,5,4,4,1,1,1,0,19,18,19,0,6.0,0.42105263157894735,1.0,1.0,2.0,0.2,3.0,0.5,0.5302631578947368,🔴 Unsafe
MS,F,18,R,GT3,T,1,1,other,other,home,mother,4,3,0,no,no,no,no,yes,yes,yes,no,4,3,2,1,2,4,2,8,8,10,0,6.2,0.4421052631578948,0.0,0.0,2.5,0.3,3.0,0.5,0.3105263157894737,🔴 Unsafe
MS,F,20,U,GT3,T,4,2,health,other,course,other,2,3,2,no,yes,yes,no,no,yes,yes,yes,5,4,3,1,1,3,4,15,14,15,0,6.4,0.4631578947368421,1.0,1.0,2.0,0.2,3.0,0.5,0.5407894736842105,🔴 Unsafe
MS,F,18,R,LE3,T,4,4,teacher,services,course,mother,1,2,0,no,no,yes,yes,yes,yes,yes,no,5,4,3,3,4,2,4,8,9,10,0,4.4,0.25263157894736843,0.0,0.0,3.5,0.5,2.0,0.25,0.2506578947368421,🟡 Warning
MS,F,18,U,GT3,T,3,3,other,other,home,mother,1,2,0,no,no,yes,no,yes,yes,yes,yes,4,1,3,1,2,1,0,15,15,15,0,4.0,0.21052631578947367,0.0,0.0,1.5,0.10000000000000003,2.0,0.25,0.14013157894736844,🟡 Warning
MS,F,17,R,GT3,T,3,1,at_home,other,reputation,mother,1,2,0,no,yes,yes,yes,no,yes,yes,no,4,5,4,2,3,1,17,10,10,10,0,5.7,0.3894736842105263,0.0,0.0,2.5,0.3,3.0,0.5,0.29736842105263156,🔴 Unsafe
MS,M,18,U,GT3,T,4,4,teacher,teacher,home,father,1,2,0,no,no,yes,yes,no,yes,yes,no,3,2,4,1,4,2,4,15,14,14,0,4.4,0.25263157894736843,0.0,0.0,2.5,0.3,2.0,0.25,0.2006578947368421,🟡 Warning
MS,M,18,R,GT3,T,2,1,other,other,other,mother,2,1,0,no,no,no,yes,no,yes,yes,yes,4,4,3,1,3,5,5,7,6,7,1,2.5,0.05263157894736842,0.0,0.0,2.0,0.2,1.0,0.0,0.06315789473684211,🟢 Survivable
MS,M,17,U,GT3,T,2,3,other,services,home,father,2,2,0,no,no,no,yes,yes,yes,yes,no,4,4,3,1,1,3,2,11,11,10,0,4.2,0.23157894736842105,0.0,0.0,1.0,0.0,2.0,0.25,0.12039473684210526,🟢 Survivable
MS,M,19,R,GT3,T,1,1,other,services,other,mother,2,1,1,no,no,no,no,yes,yes,no,no,4,3,2,1,3,5,0,6,5,0,1,2.0,0.0,0.0,0.0,2.0,0.2,1.0,0.0,0.05,🟢 Survivable
MS,M,18,R,GT3,T,4,2,other,other,home,father,2,1,1,no,no,yes,no,yes,yes,no,no,5,4,3,4,3,3,14,6,5,5,1,3.4000000000000004,0.1473684210526316,0.0,0.0,3.5,0.5,2.0,0.25,0.2243421052631579,🟡 Warning
MS,F,18,R,GT3,T,2,2,at_home,other,other,mother,2,3,0,no,no,yes,no,yes,yes,no,no,5,3,3,1,3,4,2,10,9,10,0,6.2,0.4421052631578948,1.0,1.0,3.0,0.4000000000000001,3.0,0.5,0.5855263157894737,🔴 Unsafe
MS,F,18,R,GT3,T,4,4,teacher,at_home,reputation,mother,3,1,0,no,yes,yes,yes,yes,yes,yes,yes,4,4,3,2,2,5,7,6,5,6,1,2.7,0.0736842105263158,0.0,0.0,2.0,0.2,2.0,0.25,0.13092105263157894,🟢 Survivable
MS,F,19,R,GT3,T,2,3,services,other,course,mother,1,3,1,no,no,no,yes,no,yes,yes,no,5,4,2,1,2,5,0,7,5,0,1,6.0,0.42105263157894735,0.0,0.0,2.5,0.3,3.0,0.5,0.30526315789473685,🔴 Unsafe
MS,F,18,U,LE3,T,3,1,teacher,services,course,mother,1,2,0,no,yes,yes,no,yes,yes,yes,no,4,3,4,1,1,1,0,7,9,8,1,4.0,0.21052631578947367,0.0,0.0,1.0,0.0,2.0,0.25,0.11513157894736842,🟢 Survivable
MS,F,18,U,GT3,T,1,1,other,other,course,mother,2,2,1,no,no,no,yes,yes,yes,no,no,1,1,1,1,1,5,0,6,5,0,1,4.0,0.21052631578947367,0.0,0.0,1.0,0.0,2.0,0.25,0.11513157894736842,🟢 Survivable
MS,M,20,U,LE3,A,2,2,services,services,course,other,1,2,2,no,yes,yes,no,yes,yes,no,no,5,5,4,4,5,4,11,9,9,9,1,5.1,0.3263157894736841,0.0,0.0,4.5,0.7,3.0,0.5,0.381578947368421,🔴 Unsafe
MS,M,17,U,LE3,T,3,1,services,services,course,mother,2,1,0,no,no,no,no,no,yes,yes,no,2,4,5,3,4,2,3,14,16,16,0,2.3,0.03157894736842104,0.0,0.0,3.5,0.5,1.0,0.0,0.13289473684210526,🟢 Survivable
MS,M,21,R,GT3,T,1,1,other,other,course,other,1,1,3,no,no,no,no,no,yes,no,no,5,5,3,3,3,3,3,10,8,7,1,2.3,0.03157894736842104,0.0,0.0,3.0,0.4000000000000001,1.0,0.0,0.10789473684210528,🟢 Survivable
MS,M,18,R,LE3,T,3,2,services,other,course,mother,3,1,0,no,no,no,no,no,yes,yes,no,4,4,1,3,4,5,0,11,12,10,0,2.0,0.0,0.0,0.0,3.5,0.5,1.0,0.0,0.125,🟢 Survivable
MS,M,19,U,LE3,T,1,1,other,at_home,course,father,1,1,0,no,no,no,no,yes,yes,yes,no,3,2,3,3,3,5,5,8,9,9,1,2.5,0.05263157894736842,0.0,0.0,3.0,0.4000000000000001,1.0,0.0,0.11315789473684212,🟢 Survivable
